"U1","U2","group"
5.44582075460788,1.68747041125644,1
0.603518909057344,-12.7864570866073,2
3.44089645727512,1.60718724627841,3
-12.8502202572024,1.01356098552097,4
6.04705948217746,7.6948361148392,5
4.34987348898288,2.55732247729648,1
5.60703367575046,4.45665976901401,6
5.55625957830783,4.9470300426041,6
6.68341535910007,3.61626264949191,6
-13.152564579407,1.16295764346469,4
0.622616892894471,-12.7805938969101,2
5.95359749182102,1.32531425853122,1
4.6928224025571,2.02116796870578,3
-12.8145671428836,-0.31435775260579,7
6.69506878240939,3.50869152446139,6
7.25258726461765,2.48641273875583,8
-14.0822711528933,-1.07811369995725,7
6.03666252478,4.65481898684848,6
-12.3828368724978,0.424652134374267,7
4.07712311132785,1.79881343741763,3
0.544696277221406,-12.8896284351791,2
0.356293982108796,-14.2810678730453,2
0.392080193599427,-13.1731577167953,2
7.33286136968967,2.56888649363864,8
-13.8453202785647,-1.25317850212705,7
0.247437661727632,-13.3245287189926,2
7.28457779272434,2.25552341838229,8
5.80376858099338,1.56017587085117,1
-12.6668916286624,1.71017274756778,4
6.3817495761716,0.625105534986144,1
3.96146864279147,2.91162321467746,3
-12.3398118557132,2.27621195216525,4
6.86410993917819,3.04969260592807,8
-0.217933060387408,-14.060044313475,2
-13.0575290264285,-0.161926465734357,7
4.00475448950168,1.69658908744205,3
-12.3365932048953,0.0529213001285852,7
6.11757702215549,2.79065582652438,8
-13.8679633678592,-1.16599168877255,7
-12.6136489452517,1.41732594867099,4
5.92132133825656,1.23746702571262,1
4.89631695135471,7.60743853946078,5
5.68624061926242,4.80088469882358,6
5.38704008444186,3.8358444919144,6
5.82694048269626,1.89518055816043,1
5.2634200511777,0.848120247319824,1
4.75645059927341,0.81849530835498,3
4.69332689627048,2.32172582049716,3
6.59995693548557,1.75288436313022,1
-12.9446759761966,-0.229586089655274,7
6.84934229238864,0.880692039922363,1
-12.4804025234378,2.02742431063998,4
-14.681804233948,-0.56671353678357,7
-12.2745452465213,1.81186923880923,4
-12.3878484310305,1.72346577544559,4
6.3177413402402,1.38138458629001,1
4.70167106970187,0.756818746522552,1
0.537417656024659,-12.9850626240219,2
-13.2702527584231,-0.442760313555115,7
3.72202128752109,1.97181579966891,3
-12.2921128811038,-0.0718094470645129,7
-12.1396184505618,0.514752780393249,7
6.04824251516696,1.22975525756229,1
6.71486038549777,0.898777579263336,1
5.66733211859103,7.97923562426913,5
-12.8778005184329,1.35923335452426,4
6.1559514461362,1.60333034892429,1
-12.4566054882205,1.69635507960666,4
4.15973801000949,2.39938685794223,3
4.39931959493991,2.46300384898532,3
6.57512134893771,1.10548803706515,1
4.53784603460666,1.40992209811557,3
4.48106664999362,2.52061960597385,3
5.59994596823093,8.1569680919205,5
-0.363740989724433,-14.0161514530624,2
4.48202795370456,1.96939632792819,3
5.66177172048923,8.01172921557773,5
5.51297087057468,1.19100794692386,1
0.502181416591371,-13.2985401401962,2
5.16991466863986,1.92834112544406,3
4.50496334417697,1.13387117286075,3
5.50883812292453,0.85096875329364,1
-12.5577292980349,-0.693408931299561,7
-13.6643596233523,-0.738129223390931,7
6.06302542074558,4.71910998721469,6
-14.1457067073977,-0.497857804104203,7
4.79080957754489,1.76201496024478,1
-13.5999646724856,-0.96546819309842,7
0.438357418616975,-13.0324030170883,2
6.23239559515353,1.15196344752658,1
7.13185352667209,2.28879234691013,8
0.510596161922181,-13.6298237095321,2
0.121185159524644,-14.1647072086776,2
6.51975530966159,1.30821034808505,1
-13.436198765198,-0.400834018989915,7
0.0828879533612376,-14.0546226749862,2
-0.606367820659911,-14.0752668629135,2
-12.7494874538577,-0.0121027963901697,7
-12.3145289959109,-0.644051874681824,7
6.88596147879001,1.3847193469559,1
-12.3716788829959,-0.173898438617104,7
-13.0724750103152,-0.633032704397553,7
-10.7505631984866,-1.28495075802457,9
5.74012369497653,8.19552800555575,5
-14.7937284053958,-0.652682269617432,7
4.93122286184665,1.69537482161868,3
5.79361338003513,6.64207837481845,6
5.63554186209079,7.57297179599155,5
0.409568792422975,-13.0199518452133,2
6.64232916220065,3.54951188464511,6
0.514234727462495,-12.9055853138412,2
6.50267929418918,1.22976968188632,1
-10.6620984615481,-1.35170736412656,9
-13.8944955410159,-0.507753069206589,7
5.76202673300144,1.66690931220401,1
5.76325315817233,3.83363363643039,6
4.67631191595432,2.39276144404758,3
-14.3183808864749,-0.980812574430817,7
-12.6611829342044,1.04961190123904,4
6.64713663442966,0.987150882676727,1
-0.104493850628173,-14.2949676762069,2
-12.6653991283572,1.38424036403049,4
6.60257763250705,2.36194679637302,8
5.72538561209079,5.96113011737216,6
-14.0340753139651,-1.05075004200589,7
-0.00299529151085559,-13.6400957355941,2
6.00487655981418,4.73393199344028,6
4.47310346945163,1.00357398887027,1
7.15683407171603,2.58708259959567,8
-14.8351779522097,-0.720824922129029,7
-13.7657971920169,-0.381991143032426,7
-0.484402784863746,-13.8189573536361,2
5.67765755041477,8.2257461299454,5
4.56774610861179,0.775745784238464,1
6.48962635382053,1.70478627581943,1
5.42032999380466,0.958359455064422,1
6.1108493266904,0.578816627458221,1
5.78609175070163,5.98444077868808,6
0.157697802623475,-14.0148096332992,2
-12.8521285595096,1.3366840829407,4
5.07241958959934,2.88721821208346,3
4.34624571188327,2.16533467669833,3
6.73961061819431,1.37277398009647,1
0.215709751685823,-14.3577184925522,2
5.75706714971896,0.549161290124542,1
5.33226866110202,5.65927359958041,6
6.0663690028989,7.69989392657626,5
0.22078225596782,-13.144932771727,2
5.69700331076022,6.20442054171909,6
5.71195406301853,5.55901238818515,6
0.626380568584169,-12.9369182835067,2
5.8069409786069,1.41617677111972,8
-13.1502700390017,-0.0605193662191569,7
6.01760382040378,7.84241292376865,5
5.48741144522067,7.21472976107944,5
6.09100479467746,1.21981511016238,1
3.74270290716525,1.94599006076205,3
5.86435217245456,1.38271961112369,1
-12.4957271160281,-0.12604245792281,7
4.8259486614072,1.08025238414157,3
6.20338577612277,2.03974888224948,1
6.06040710790988,7.81154963870395,5
5.72314781530734,6.39213416476596,6
-12.1633983196414,-0.495737905308121,7
0.267528956969941,-13.1793155918564,2
-11.039825970093,-1.08966436485898,9
0.402148610194886,-13.9543762455429,2
-13.4830241741336,-1.23980548481595,7
5.76136488302585,4.83099267382968,6
-0.0216553451216573,-13.3539448032821,2
3.90857261999484,1.7315256347214,3
5.91663355215427,5.06067416568149,6
5.47914642675754,4.80010554690707,6
5.47825807913181,1.02482375998843,1
5.16364139898654,0.952226017907745,1
6.49179739340183,3.70546910662997,6
4.57762522085544,2.50865909953464,3
3.93776029928561,1.04053041835178,3
-13.5614448131717,-1.22026815514218,7
4.09896559103366,2.83118317027438,3
-10.9038529934085,-1.17778101067197,9
5.68291944845554,0.584282313779479,1
5.91875833853122,4.85554311175693,6
3.52015513761874,1.65148219962466,3
-0.175756821194922,-13.8249168644394,2
0.254347151359284,-14.175091768309,2
-12.3673682750857,2.19932315249789,4
-0.0710690559542531,-14.111428285643,2
6.77491659506198,1.6772078027283,1
-12.3703704418338,1.39872131247867,4
-14.1402268947757,-1.15709509949338,7
5.64993948324558,7.99811265368808,5
5.00349945410129,7.6758365382706,5
4.33076137884494,2.31347582240451,3
-12.6785321773684,-0.0189019187087952,7
6.97321409567233,2.65214655299533,8
0.285110002597535,-14.1777677784408,2
4.16670889242526,2.67603466410983,3
-0.19786362142328,-13.8844051609482,2
5.62516493185397,5.96483847995151,6
5.55362648352023,7.79483744998325,5
-14.8494248928225,-0.702496195837372,7
5.57572645529147,5.62832209964145,6
5.7337798534238,5.61574313540805,6
6.07319015844699,7.85099933047641,5
5.2067384181821,2.6249000777756,8
5.84503692968723,4.9172014941727,6
-13.5087142528689,-0.54418557386052,7
5.55273193701144,5.16446254153598,6
5.73787445410129,5.85802075763095,6
5.56360191686984,2.59752747912753,3
4.22440428121921,0.604653989270812,3
-14.4322333873904,-0.394759381815308,7
-12.3524661602176,2.26377794642795,4
5.77297205313083,0.87204710145343,1
5.58298582418796,4.38724133868564,6
5.90769571646091,8.2410859813248,5
5.92365354879733,3.75576732058871,6
5.48852629049655,5.51017472644199,6
5.42165703161594,4.6227564563309,6
6.00817150457736,4.67319056887973,6
7.14856285436984,2.46137068171847,8
-13.617221409241,-1.25942566494595,7
-13.0446525158084,-0.695120538278931,7
4.82270330770847,0.672901784375793,1
0.350099211772645,-13.4559412250961,2
4.97868198736545,0.963676785424835,3
5.96812052114841,4.76353356738437,6
5.12124533041354,0.678562258676177,1
-13.4145770610965,-0.781115735575074,7
6.1464881358945,2.43685624499667,8
7.04121441229221,2.5770702113663,8
6.13507646902438,1.35545716185916,1
6.94532007559177,2.14278528590549,1
5.42561382635471,1.43765995402682,1
5.50870413168308,4.91940162082065,6
5.63303322180148,1.54756269355167,1
5.68756145819064,2.30203077693332,1
4.36414331777927,1.08158264060367,3
-0.12761040941838,-13.604441667601,2
-12.3878274501956,1.67713544268954,4
6.31136125906345,0.804528449967986,1
-14.1026521267093,-1.17190399269711,7
5.10686678274509,1.00868961711276,1
3.11752385481235,1.52854583163608,3
6.31341976507541,2.23668978114474,8
5.72405714376804,6.37360236544955,6
-12.3175206722415,2.23124978442538,4
5.09670824392673,1.28557608027805,3
0.250375991901124,-13.7911405811752,2
-13.9188428463137,-0.467769796654099,7
7.39504427297946,2.52350733180392,8
-8.47076087609891,1.96347997088779,10
-12.4519277156985,-0.81845435003888,7
5.02282900198337,1.83921120066989,1
-12.7167544902957,-0.456438834473008,7
5.47785896643039,0.786154006913787,1
-0.343078659633433,-14.1449709186996,2
5.46710581167575,1.98929760356296,3
0.646465247710908,-12.6120949039901,2
4.09526390417453,2.78341457743991,3
-0.520568573633468,-13.9364357243026,2
-13.2229905666507,0.0905064394031824,7
-14.3549981655276,-0.279038528605813,7
4.94836372717258,1.01220784087527,1
0.374495690902436,-13.327676797911,2
-0.569358372846877,-13.903718973204,2
-12.4287934841311,2.0213422526871,4
4.45589441641208,1.82610425849307,3
5.39461893423435,1.17137489219058,1
6.54331726415988,2.26388475795138,8
5.85325664862033,4.90807340045322,6
-13.4105201305545,-0.323894913002366,7
6.02168459280368,8.07221791644443,5
-13.5071416439212,0.830093954995757,7
-12.4958434642947,-0.282967160149926,7
-12.2821012081302,0.0235190441166223,7
-12.4052939953006,0.626998280480987,7
5.616496509155,7.55336329837192,5
-8.47069316522244,1.96333286662448,10
7.41606468542453,2.43754575152743,8
0.634286230643953,-12.7438917408432,2
-12.3518882335818,0.909033690885192,7
6.46457428320285,3.2684559573685,6
0.177451079925263,-13.1347484837021,2
6.56111187322971,1.21733329196323,1
-10.6405044140017,-1.36578216652524,9
5.20122522695895,1.35808143515933,1
3.73344678266879,2.13823244471896,3
0.257994836410249,-13.8643465290512,2
0.253465658267701,-13.2771845112289,2
4.89128965719577,7.60525462527621,5
-12.4207959713137,-0.766233171030396,7
4.51494736059543,2.67734143634189,3
3.99200243337985,2.89409015078891,3
6.59654850347873,3.43170997996677,6
5.80722231253024,7.49745843310702,5
-0.269017662639057,-13.9446172962631,2
-14.6308913768924,-0.505389238401765,7
-13.3728290142215,-0.240164826318139,7
7.07474369390842,1.97747371096957,8
4.7690696178281,1.63321838279117,3
-12.4875016750491,1.99544713397372,4
4.7763504443967,0.741940831140167,1
0.611000841697419,-12.8081112156357,2
5.55270428045627,6.55328652758945,6
5.87933296545383,1.04564270873416,1
6.37325519903537,0.965701674417144,1
5.90829653128024,8.0652875651871,5
5.61640781744357,7.91503903766025,5
-12.9055743755496,1.36545596022952,4
-13.0731607021487,-0.526366973921174,7
0.43786633594867,-14.2038574467148,2
3.83799690588352,1.86884519954074,3
3.64477986677524,1.84336743255008,3
6.01661533697482,1.31925532718051,1
4.87422031744357,3.09797570605624,3
5.48458904608127,6.41383645434726,6
7.34305090292331,2.56830069918979,8
6.07518572195407,4.47585532565463,6
-13.8859220089114,-1.08392396072995,7
0.43716335876819,-14.0464954624618,2
0.132014012178147,-13.5791321049179,2
3.85025877340671,1.23925981421817,3
4.68622917517062,2.51418588061679,3
4.70057577474948,2.30467221637118,3
0.249957984527314,-14.2036619434799,2
3.89129061087009,2.31848547358859,3
-13.0368657650149,-0.224604631468171,7
4.37665171011325,1.50382552047122,3
-13.5397944988406,-0.905641163393372,7
-12.1665540279544,0.592501257852203,7
1.01646715982791,-2.9895572910751,5
-13.8313661159671,-0.496468241020554,7
-0.131588974753653,-13.6324653873886,2
-10.899447971741,-1.18274500469815,9
6.44577307089206,1.8843337049042,8
-12.4547572673953,1.74259242911685,4
5.78830046041843,7.97919175525058,5
3.63822526319858,2.2001855124985,3
5.78817314489719,6.01310870547641,6
5.88114113195773,1.66424999137271,1
6.37248463018771,0.910529529050475,1
5.78018326147434,5.11282489199985,6
-14.2674317897952,-0.857110882803315,7
5.78864092214938,7.76785800357211,5
-0.338558131614959,-13.9211292515243,2
-12.207007938782,0.65523013968814,7
6.61565727575656,1.31503698726047,1
5.6837400852048,4.28508469958652,6
-13.7038779796756,-0.846175457044953,7
4.47275108679172,2.20393202205051,3
5.72416490896579,1.91483888526309,1
5.01780504568454,0.648994361356384,1
6.25156301840183,0.612902735665923,1
5.25077242239353,5.22832248111118,5
4.60461658819553,1.6626677264725,3
5.37886852606174,5.60465190310825,6
6.52540439947482,1.33259413142551,1
5.87989324911472,0.544734870389587,1
0.150058543523515,-13.1763735065902,2
-14.7241988720096,-0.623779977365845,7
3.68090791090366,2.18879673381198,3
-13.0018163265384,-0.706786895796174,7
-13.3856368602908,-0.451726997896546,7
7.04852432592746,2.33403799434054,8
5.28586191519138,0.473664795354492,1
5.97540706976291,1.73151132960666,1
5.70586962087985,4.95484874148715,6
-12.4398465694583,1.76473936934817,4
0.323056763251985,-13.0737447987045,2
5.64594311102268,4.94044062991489,6
5.89756960256931,8.21102616687167,5
5.94681162222263,7.99557206530917,5
5.84046263082858,6.06627461810458,6
0.228907054504121,-13.2620945225204,2
-13.9240413250125,-0.888510669275635,7
6.49789518698093,1.29944500823367,1
6.62027258261081,1.04011807341922,1
6.03562874182102,3.30083677668918,6
-10.9343362392581,-1.15671446423184,9
-12.2692027630008,1.96969864268649,4
4.0981974063718,2.69364879031528,1
3.04873532636997,1.40092775721896,3
6.06978506430026,7.7154922236954,5
6.3962177692258,0.92968950171817,1
-0.0214096100724095,-14.2850981007065,2
0.653622037013734,-13.1863851795639,2
-12.4919028820193,-0.771424795194977,7
5.3851675449216,3.49447009463657,6
-13.4451079906619,0.924228881791717,4
-12.7212024273074,-0.190251107021683,7
6.2464489398801,0.653358613446838,1
7.3915733753049,2.22820827861179,8
7.41412586553928,2.57796714206088,8
6.76434845312473,1.75142595668185,1
-12.7185454906619,0.207168852285034,7
0.105140334209169,-14.3249330769027,2
5.8945292888486,2.66693923373569,8
-13.6447463573611,-0.747280980154389,7
5.65779060705539,8.18502042193759,5
0.356268113692964,-14.3027115116562,2
3.96240991934177,1.55062076945651,3
6.56778807028171,1.54967996974338,1
3.95902103765842,2.25688788791049,3
5.67253584249851,5.90436313052524,6
4.75426668508884,0.969345425561553,3
7.40060705526706,2.23510882754672,8
6.35952419622775,1.03408512969363,1
-13.7631307186282,-1.33239569763791,7
-12.7538219036258,-0.777184392019623,7
5.12725490911838,0.966166471437103,1
5.71226829870578,4.73446319003452,6
4.7253627239072,2.5633151282822,3
0.257410651286805,-14.3179178486313,2
-12.3203654827273,-0.421367103859299,7
-12.8582282604373,1.32040593524326,4
5.75527281149265,5.85821721454013,6
5.36780447347995,1.57823369403232,1
0.446217483123506,-14.2932176838363,2
0.207265591462815,-14.2478828678573,2
6.28844827993747,1.63014540572513,1
-13.2917342724002,-0.0590069076712071,7
0.532142466148103,-13.3196497211899,2
4.6455172954404,0.960741256669647,1
-12.1311536373294,0.39838222165454,7
1.01671869142886,-2.98907878498685,5
-12.4476523937381,2.02646443744052,4
6.34157556875583,2.42855355639804,8
4.54326719625827,0.913670693830139,3
5.31404680593845,2.14590332408298,3
5.90182203634616,4.77503154178012,6
0.406389421066011,-13.8208675632919,2
5.8684291301572,7.74020335574496,5
4.90670151098605,2.56606266398776,8
0.427095657428468,-12.8579006443466,2
5.63296980245944,5.77842566867221,6
-12.1951375545657,-0.112859273954743,7
-13.3179088176883,-0.387325639530533,7
0.0719169734322673,-14.3341875324691,2
0.091965770562852,-13.9418888340439,2
-12.4900222362674,1.82555792231906,4
5.37907070501682,1.07695648570407,1
-13.8370318950808,-0.419848735138291,7
-12.7571654857791,-1.00170716147076,7
5.90710491522189,7.99048612017978,5
5.07063955648776,0.747262989476806,1
6.97740501745578,1.45277914901126,1
5.30902284963962,1.01387736697543,1
4.54964489324924,1.53335485358585,3
-10.6804414333499,-1.33207037548673,9
5.53101343496677,2.20880291362155,1
3.7990235744321,1.44934353728641,3
0.515357202132905,-13.0558109531845,2
-12.4616952480471,-0.86743762592923,7
3.90521807058688,2.336369251207,3
-12.471095615784,-0.60306116442334,7
5.60706657751437,5.29145715136874,6
-12.5783410610354,1.68297908206332,4
5.08335871084567,2.0106274833237,3
5.76380485876437,5.89842412371982,6
3.69772929533359,1.74639937777866,3
6.13485235556003,1.40115961928714,1
5.97523254736301,1.27961239714969,1
5.46139616354343,2.11435291667331,8
6.37994093283054,0.864915465310699,1
-12.2896094860232,1.27705511947024,4
-0.312265420118606,-13.9035444508041,2
5.79778427465793,7.91716000933994,5
6.04374117239353,1.10302874942172,1
4.30968422277805,2.38687178988803,3
7.16277403219577,1.97632644076694,8
6.00675005300876,7.80582902331699,5
6.47137398107883,2.90250632663119,8
3.59976190908786,1.5821379174744,3
6.13720697744724,1.4500304212128,1
6.88400120123264,1.42301568885196,1
6.25623268469211,1.48861644168246,1
5.62238687857028,2.18423125644076,8
3.93463177069064,1.2433653821503,3
-12.292399937073,-0.143246146544331,7
6.2517651973569,1.50243315596927,1
5.6729077754819,1.15128931899417,1
-12.5154395641482,1.93349335093845,4
5.57163137777683,1.58032367129672,1
-14.2582850994265,-0.251500020429009,7
3.10487169607517,1.40857837100375,3
4.36085457189914,2.29775593181003,3
5.73560232504245,1.62663278479922,1
6.53191513403293,1.48808953662265,1
5.67982954367038,4.96092460055698,6
0.00592828377124127,-13.3782501469101,2
3.77283424719211,2.06051537890781,3
-12.4422927440799,1.58927140136111,4
5.75414413793918,5.72993132968295,6
5.14749760015842,1.46836695571292,3
4.0952300487363,1.0012360562836,3
5.73888868673679,1.92340371508945,1
6.78594631536838,1.05559513469089,1
4.02362484320041,2.21056578059543,3
5.53061384542819,6.56132266421664,6
0.0462871251904612,-14.2027492771591,2
5.74406284674045,8.00081441302646,5
5.39592594488498,2.5129148711716,8
5.84177488668796,4.63154313464511,6
5.97062916143771,1.29901633162845,1
4.40063375814792,1.11460814376224,3
7.01745933874484,2.17764112849582,8
5.94140142782565,1.91555402179111,1
5.90419239385959,8.11547849078525,5
6.15445846899387,0.757251953080779,1
5.62023014410373,4.90559098620761,6
5.50442737921115,5.42291161914218,6
5.15444464071628,2.64278123278964,3
5.54634279592868,0.588950370744354,1
-13.6073127330935,-1.08398010830533,7
3.77187771185275,1.15838203330386,3
0.587434834083284,-13.0729856739486,2
-13.0990386547244,0.0675424759541811,7
5.42135471685764,5.25712058444369,6
-13.8668542446292,-0.44833054642331,7
-0.230881556654608,-13.7172117481674,2
5.97107548101779,4.7208165874039,6
-12.7484565319217,1.46964273352969,4
5.60862678869602,2.69617459674228,6
5.00413603170749,1.06232747931827,3
0.273544853767121,-13.3007927189316,2
-14.1682477535403,-0.445722127958649,7
-13.3326936306155,-0.37011730174672,7
7.28907055242893,2.16264030833591,8
5.29900163992282,2.22993729014743,3
4.35143417700168,2.48750684161533,3
5.78556866033908,7.62690112491,5
-0.313015317330396,-14.0163355122055,2
4.70093054159519,2.36917445559848,1
4.80108494146701,0.742332731679565,1
4.74908871038791,0.940970753625518,1
3.9161848483884,2.2164699782883,3
0.299291795333589,-13.8574590931381,2
5.73307222708103,5.87789676089633,6
3.69109196050998,1.11195526023257,3
-12.4765773357547,1.56093201537479,4
-12.2935767711795,2.21034810443271,4
6.46730226858493,1.76438853640903,1
5.62623781545993,7.84779546161044,5
3.86037201269504,1.96356437106479,3
6.05674976690646,2.53830263514865,8
5.8150205074155,4.8303775538956,6
4.06374830587741,1.34839353461612,3
6.5149135051572,2.24309537310947,8
4.26105827673312,0.781065498784667,3
7.35236687048312,2.10619017978061,8
3.93470997198459,2.95967099566806,3
-14.0465999187625,-0.57120367388379,7
-12.2308173717654,1.38127610583652,4
6.54387516363498,1.38702592749942,1
5.88205808981296,4.84549949069369,6
-8.47145515100125,1.96259639163364,10
-12.5263848842776,1.81988153357852,4
4.27888101919528,2.00192353625644,3
6.2815937457883,2.65770218272555,8
-12.99654060022,-0.836526716753358,7
4.51431364401218,1.9548858155762,3
-12.7937198223269,-1.06578149895322,7
3.55629057272311,1.76612374682773,3
4.54284853323337,1.47823724646915,3
-13.7107987941897,-1.26231732468259,7
5.74495882376071,5.91118333239902,6
6.08581966741916,1.21556482215274,1
6.04425186498996,1.8668982734238,1
5.46226019247409,5.98392579455722,6
6.51103205068942,2.05167577166904,1
4.90332359655734,7.6054658641373,5
5.79454655035373,1.28855523963321,1
0.311727231582368,-13.1136789570297,2
5.31092161520358,0.773920630410797,1
-12.8237376751101,-0.366537834211701,7
5.72378725393649,1.99512717624057,3
4.90255493505832,0.593516622975952,1
3.90947908743259,1.37528250117648,3
6.55009168966647,2.41108510394443,8
4.01867288931247,1.03034720321048,3
-0.168259234885013,-13.8509826908554,2
-13.0971131862796,1.17856464286197,4
5.22464985235568,2.92472169299472,6
-0.107579627791678,-14.057792688414,2
6.30186218603488,1.91732904811252,8
3.52142042501804,2.13219401736606,3
-13.5724225582278,-0.277218724295014,7
4.5710372386777,0.994269584611541,3
-13.0241475643313,-0.379901851221436,7
-10.7402988018191,-1.28938450913083,9
4.87408012731906,7.59797379870761,5
-10.6693282665408,-1.34327521423947,9
-12.7740388454593,0.137604316071159,7
3.80252689703342,1.40394780536044,3
-13.7451005520022,-0.533478433891648,7
5.11896890982028,2.46288130183566,3
4.18039507254001,1.92239138980258,3
6.19791216238376,1.44105706115115,1
-14.4633985103762,-1.04803660015714,7
-14.6303210796512,-0.660645628973359,7
0.459486549934114,-14.311882997557,2
-0.635269457260405,-13.92769911389,2
-14.2489314617312,-0.968172455831879,7
-13.744641834656,-1.18337800602567,7
-12.1715264858401,0.612837945417053,7
5.78135771139499,7.882995580629,5
4.34808058126804,2.21237847705234,3
6.51345533712741,1.41747460265506,1
0.60859102590915,-13.0802459965194,2
6.36015886648532,1.6633751143967,1
5.06455559118625,1.70936331649173,1
-13.1469483913577,-0.591281021639222,7
-14.7621770443118,-0.65887924532544,7
4.22603744848605,1.9499128808533,3
7.09440512045261,2.28446457286227,8
6.12352604254123,1.46231815715182,1
-12.7413821758426,0.291271810725814,7
6.3203014789426,0.507777546838409,1
-13.0233846248782,-0.39796119432103,7
5.38160509451267,5.1325711955582,6
6.64190668447849,1.03237984080661,1
5.16051954611179,0.927540515855438,1
-12.2684398235476,1.87780222792972,4
6.95565742834445,2.63614437480319,8
5.92196220739719,2.14175507922519,8
5.57076925619479,0.853038703397399,1
3.71374196394321,2.0218522300278,3
-14.5252996029055,-0.943480158850068,7
-13.8612752498782,-0.787850464388245,7
5.61933845861789,2.92291734118808,6
5.61552662237521,2.43044874568332,1
6.09838575704929,1.60570583243716,1
-13.5212102474368,-0.716934169336671,7
-12.4402862133181,2.03265068431247,4
4.21261734350559,1.72427997489322,3
5.42208666189548,0.782652412847167,1
5.71452850683566,4.90589759250034,6
5.75327057226535,4.43833587069858,6
4.24691337927219,0.583966945603973,3
-14.6659732402957,-0.827858532472962,7
0.30434150083896,-13.946217561766,2
-8.47056537286404,1.96337935824741,10
5.72168535574313,6.0138606776749,6
0.633416300853456,-12.8170004139389,2
-12.3977580608523,2.13529465098727,4
4.77157635076877,2.32763240237582,3
-13.8535876812137,-0.523471857115143,7
-12.3961396755374,2.32562515635837,4
6.09198850973483,8.02690408130038,5
-0.125877568284308,-14.348808313414,2
0.0158913193547374,-13.4153585682357,2
0.352350777229035,-13.375923181578,2
-0.0248013378775472,-13.5387020359482,2
5.45225710256931,5.56226489444125,6
-12.2860398830569,-0.110537114247197,7
5.45819706304904,0.872542773679382,1
5.73234934194919,6.33317515750278,6
-12.4468722881472,2.15873381991733,4
0.0672010837399608,-13.3616647968734,2
5.66014236791965,6.0088181247269,6
4.33969063146945,1.33195588488925,3
-0.677341127554213,-13.9339065800155,2
-13.4818769039309,-1.17836680512082,7
5.22986502035495,2.55424711604465,8
0.190913325389588,-13.4157514820541,2
6.34859747274753,2.12474224467624,8
6.01224226339694,1.4890358199631,1
4.967166846832,0.872989987329131,1
-12.6714463771975,-0.116192917033547,7
-13.9067102016604,-0.985424901052827,7
-14.6810880245364,-0.621811414762849,7
-14.5554261745608,-0.911550010248536,7
4.444048827728,1.32433626551974,3
0.339785402854646,-13.8796892414535,2
7.36043400152561,2.62546632190097,8
-13.8534665645755,-1.13817241291653,7
-12.5740495266116,-0.636870051428193,7
-12.272271686951,0.1976152410065,7
5.48791593893405,4.93522975345004,6
4.22220415457126,2.38380525012363,3
4.62250274999973,0.809496616319305,1
-12.2307811321414,1.20917341609347,7
4.05613417013522,2.2626216163193,3
5.05644697531101,1.93789467711795,1
-13.974474483887,-0.420873279377335,7
6.72507757528659,3.54338881869662,6
5.49080223425266,5.23146626849521,6
5.85593075140353,8.12550256152499,5
5.01676697119113,2.96183297534335,3
6.26337379797336,2.11531636615146,1
5.25966543539401,5.53503367801059,5
0.0634450076424724,-14.1937618504013,2
-0.635924035469329,-13.8432817707504,2
-0.627672189632689,-13.8953342686142,2
6.06421608312961,7.99319360156406,5
0.331815129359925,-13.9235830555404,2
-12.4337640346682,0.838867758706695,4
4.58981842382785,2.45028469462741,3
5.93481058462497,1.60199520488132,1
0.364096051295961,-13.7909031162704,2
5.91090816839572,0.551280354455596,1
5.13860029562351,0.732056771710998,1
5.89531130178806,7.97001645465244,5
4.15290588720676,0.914680754140502,3
6.02352184637424,1.19596824546207,1
5.65687794073459,1.44772717852939,1
6.03660148962375,1.25467667479861,1
5.61886638983127,7.94458911319125,5
-12.2914090694583,0.110434358314163,7
-0.0949269773161763,-14.3618355045761,2
5.46738094671603,2.37740228076327,1
0.33092100008365,-13.0672111759628,2
5.94868130071994,1.18998811145175,1
-12.1203618587649,0.539166187242156,7
-0.00645553485516254,-14.1821375141586,2
5.20698780401584,2.55271217723239,3
5.19153160436984,1.24695501227725,1
-13.1873212398684,-0.89359387259137,7
-12.7240300716555,0.414123122886306,7
-12.9619403423465,0.17662501831401,7
5.88159698828098,0.921322559312469,1
-0.159573683301246,-13.5192480335678,2
6.68245310171481,0.708152030900604,1
3.9929761348569,0.863191937402374,3
6.13178963049289,4.26052472491611,6
0.0938668607079631,-14.1248331318344,2
3.97719997747775,2.52632019420016,3
5.69233936651584,7.83826157946933,5
0.212281471332276,-13.9181175480331,2
6.01696724279758,7.99048612017978,5
4.03194755895969,0.772709821656829,3
4.43202347143527,2.3431834926163,1
5.94248623236057,1.45296082396854,1
4.02657551153537,2.17346141238559,3
-10.6904807628787,-1.32191779713284,9
5.32135815008518,4.92364642520297,6
-12.7704473079837,-0.449166233345383,7
6.26414102896091,2.53425118823398,8
3.57924885137912,2.16392133136142,3
-13.9765725673831,-1.08428206543576,7
5.78916258200046,6.18541142840732,6
-12.6451011242068,-0.861405457064026,7
6.66657347067233,2.60398552317966,8
3.65841836317416,1.44657764335025,3
-12.5327868999637,-0.690288747354859,7
4.48416847570773,2.04610273738254,3
5.27956957205173,2.79123136897433,1
5.90420526846286,7.5825485934769,5
5.52179855688449,6.46090981860507,6
3.45824379309055,1.65837750335086,3
-12.8409724773562,-1.03545042376172,7
-12.6249156536258,1.32840964694369,4
-0.475838402072226,-13.9230623493637,2
6.99112409933444,2.10749075312961,8
4.01882643087741,0.815812622502929,3
6.22345537527438,0.596844290689117,1
5.31763119085666,2.88391325373996,1
-8.47751193658475,1.95729730029452,10
-12.5099330486453,-0.882928038641328,7
5.82716411932346,7.22923848529208,5
3.95359510763522,1.48337004084933,3
-13.217768246094,-0.69566234449994,7
-12.8426194729007,1.43301770587314,4
-13.0232139171756,-0.614817942186707,7
4.00633949621555,2.67234728236545,3
5.76288837774631,4.02728936572421,6
5.759882396301,2.19835326571811,8
6.59294599874851,1.67118320365298,8
5.12061209066745,1.6684016932999,1
4.26707786901828,2.31542227168429,3
5.40637869222995,0.895616268113738,1
6.38730568273898,1.11563262839664,1
-12.3873143734134,1.54043981929172,4
-14.061876827637,-0.670060003801697,7
4.66301960333225,1.66603681941379,3
-12.4757590831912,2.09775969882358,4
0.489613002380097,-12.9622431049789,2
0.032968914350236,-13.6590481052841,2
-0.557968253055846,-13.9184561024154,2
-10.6795640529788,-1.3312949190582,9
5.59167475088474,2.27991769214023,8
4.52325720175144,2.15370032687533,3
-12.3482089580691,2.15403888125766,4
3.71553034170505,1.19658265014041,3
4.03503460272189,2.35341975589145,3
4.24932283743259,2.39279911418307,3
5.63510126455661,6.73483369250644,6
-12.4464650692141,1.72280857463229,4
3.76271242483493,2.17750642199863,3
-12.5188832821048,1.46830305953372,4
5.95165533407565,1.09929571051944,1
-14.3171754421389,-1.03726890186917,7
4.58112902029392,1.1731919993912,3
0.567213243087495,-13.1526451359237,2
5.61826605184909,6.88493392367709,6
6.16131300314304,2.20878097911227,1
-13.5115552486575,-0.868504668279999,7
5.76272672994968,1.03530952830661,1
4.92587465628024,2.49568149943698,3
-14.3525558056033,-0.642521406217927,7
6.76072306021091,0.831000005200988,1
4.44120783193942,1.65380558867801,3
-12.5002818645633,-0.465583408876771,7
-14.6667924465335,-0.725352729364747,7
6.46053356512424,2.06040809054721,8
3.85304874761936,1.39957079787601,3
-12.2220683635867,1.06439099212039,7
-12.3903775753177,0.00827226911533486,7
5.59960693701144,6.40935895343173,6
-12.5305896343387,0.85455635686267,4
5.63160557134982,4.9097380389725,6
-12.172882610718,0.0744255383764566,7
6.79795927389499,0.817088936761505,1
0.124832516750062,-13.8350935230697,2
0.419526940425599,-13.4362631092514,2
-12.4792695583499,2.05361244578708,4
5.64356321676608,6.75671241183627,6
5.55355352743503,0.708227788404113,1
5.63373274191257,4.4168934573685,6
4.09982342108127,2.49079105754245,3
-0.220631254622971,-14.0529775867904,2
5.89626402243015,8.2332677592789,5
0.261384850581849,-14.3090772877182,2
-13.1710963787234,-0.592617357775086,7
-14.7670636715091,-0.632254029318207,7
-13.2612405361331,-1.04301204781186,7
4.41204971655246,1.19401845832217,3
5.55018801077243,6.53003070254672,6
6.23490042074558,1.72046372790683,1
4.76107925756809,2.07498452563632,3
5.41826099737521,1.63282844920505,1
5.68852896078464,7.57402274508823,5
5.52509254797336,6.47086617846835,6
4.81120390280124,1.82492837806094,3
7.38689417227145,2.31786320109714,8
-12.8521476329959,0.185230647519714,7
-12.8774877132571,1.26957425971378,4
6.87438482626315,1.46476051707614,1
5.4197625575864,4.9436850299393,6
5.43270677908298,5.04878470797885,6
6.38164944036838,1.87607154746402,8
5.97052902563449,2.12204406161655,8
0.0231664536797648,-13.5406103382553,2
4.02121824606296,1.70556518931735,3
4.22928518637058,1.14564726252902,3
-13.3897433818972,-0.700350011392945,7
3.43815893514987,2.00723335643161,3
-12.8113818706668,1.40664431949008,4
4.30878013952609,1.47482237716067,3
-12.9598813594973,-0.429722006126755,7
5.70552105291721,4.43099591632236,6
4.55704159124728,1.51489279170383,3
6.75728315695163,0.982051347688323,1
5.92329544409152,1.67993411918033,1
4.87215656622287,7.62077233691562,5
7.07870621069309,3.06353852649081,8
3.77668232305881,1.86150810618747,3
5.58241934164401,6.0184445132767,6
5.96671909674045,1.72141013045657,1
3.05215138777133,1.42364761729587,3
5.65306610449191,6.0998186816727,6
5.75838512762424,6.61421010394443,6
0.135896986564363,-14.2945614109482,2
5.55920023306247,1.20795593161929,1
5.51686901434299,6.19516084094394,6
5.19421905859348,2.42208144564975,3
5.71196884497043,5.65456387896884,6
0.237453645309175,-13.4579887638534,2
5.21571773870822,1.49817988772739,3
0.379149502357209,-13.2618751774276,2
-0.0881552340185994,-13.5725183735336,2
7.22794432028171,2.45506713290561,8
0.141158616384233,-13.355677629515,2
-14.4067655147708,-0.731063152357453,7
5.18904919012424,0.967887853578216,1
6.18686241491672,0.979609106973297,1
3.65681070669528,1.9906673182999,3
5.66448587759372,6.32685992617953,6
5.33530086859103,7.68322560687411,5
7.18746036871311,2.41864964862216,8
0.452452725013459,-13.0327606449569,2
5.27260774954196,0.666433428720123,1
0.145012205680574,-14.3455724964584,2
0.538018232425416,-13.0971079121078,2
5.64880937918063,6.00965926547397,6
-14.710519367615,-0.608383263155335,7
5.13348335607883,1.97530410189975,1
-12.4432797969973,1.91235575576175,4
4.40338653906223,2.18800804515231,3
4.08451742514011,1.98461387057651,3
0.220498448451722,-14.2571668873275,2
5.4869274555051,5.91671559710849,6
6.67847866400119,3.53533384700168,6
6.57645458563205,1.20326731105197,1
6.51876539572116,0.970828627542144,1
4.08239502294894,2.07490203280795,3
-12.4009862484134,1.13436267276157,4
5.3119892536008,1.50522003074039,1
5.60217279775974,1.4204129924332,1
5.072062915405,1.85763559241641,1
0.512399917682374,-13.58639052014,2
6.05134100302097,4.50909659762729,6
5.60335773809787,2.32153413195956,1
6.13390249594089,7.94798753161777,5
4.31011623724338,1.00134882827151,3
5.66873068197604,7.95586488147128,5
4.90983623846408,1.54024050135959,1
-13.6700835765994,-0.941631222769135,7
4.72448248251315,2.3430523623978,3
-14.4684224666751,-0.754981721445435,7
4.56003755911228,2.0913147677933,1
6.44737905844089,1.65292820830691,1
-12.7350097240603,-0.0344775250847279,7
-12.6936507763064,-0.418636495872849,7
5.88335747106906,4.66037986178744,6
4.17191357000705,2.47356650729526,3
-13.4155097545779,-1.00158771376263,7
3.87303966863986,1.44140956302035,3
6.47839063986179,1.92523846526492,1
6.03596681936618,7.78182599444736,5
4.11086315496799,2.80540463824618,3
4.37067694052097,1.44810650248874,3
-14.5023370327151,-0.573706949755067,7
3.86273807867404,2.42067906756747,3
5.57103056295749,6.02049157519687,6
-12.5984321178592,-0.24012964467656,7
6.09979099615451,7.93128249545444,5
5.60655588491794,4.0435852756058,6
-13.6567779125369,-1.12830152611386,7
5.00111860617038,0.95902607341159,1
3.70030350073215,1.41206989188541,3
5.99304289205905,2.04980895419467,8
-12.9416213573611,1.13299879927982,4
0.521784192165101,-13.5955152759994,2
-0.0178221853173131,-14.1916456470932,2
6.54352373464938,0.964604829743987,1
3.73639745100375,1.95343718428958,3
-12.7721114696658,0.486993287995941,7
5.90727609976169,1.19452724356998,1
3.47285885198947,2.06050727267612,3
0.636158531745637,-12.7763214359726,2
0.476679628928865,-13.8039922962631,2
5.63692707403537,6.28250214953769,6
4.13082022055026,2.13771054644931,3
0.023437356790269,-13.5056104908432,2
-0.646732503334319,-13.8276844273056,2
7.06103653295871,3.04557058711398,8
7.09624904974338,1.32266328235019,1
0.285539632877076,-13.2253618488754,2
4.27116007192966,1.54786894221652,3
-12.3557515682376,0.303345744804031,7
5.45142835958835,1.72384378810275,1
5.98902410848972,8.14953229327548,5
7.09692949636813,1.46367654700626,1
-13.7639518322146,-1.27413907150876,7
6.92151731832858,0.931223725274688,1
4.51299471243259,1.15265319247592,3
7.10984367712375,1.92578813929904,8
6.17645401342746,1.12168500323642,1
-13.6917939724124,-0.0599133313367902,7
-12.3903852047122,2.21032402415622,4
5.90332502706882,0.557916556790954,1
4.50898117407199,0.754884635404235,3
-10.9382415355838,-1.15499272446286,9
0.354315107902253,-13.490916276976,2
3.79761070593234,1.63521037001956,3
5.18257231100436,1.2072040786301,1
5.69997591360446,8.22276494403232,5
6.1228179393613,7.80902335543979,5
-12.3266177715457,2.21460554499972,4
-12.7282920421756,0.0263871972714723,7
-14.3168550075686,-1.15542950729977,7
-12.321039730469,0.466071878865844,7
0.17779028995868,-14.0093508015121,2
5.93556684835788,0.494929110005981,1
4.6515626369321,2.25528786082614,3
0.295786684592927,-14.3048649082626,2
3.99833864553806,1.30583987136233,3
5.93824142797824,2.88754341502536,8
0.316761261066163,-14.0282688389267,2
-12.6716933788455,1.18538341422427,4
-0.386494004884993,-14.1122770557846,2
5.61524004324313,7.96894071002353,5
6.66399998052951,2.21523449321139,8
6.65240425451633,1.67595527072299,1
3.8407921253049,1.81006357570041,3
-12.3519435466922,2.00739524264682,4
-13.6576381267703,-0.898064101740235,7
-12.4799647869265,1.85240564246524,4
-14.4274774135745,-0.762770081564301,7
5.91447681768771,0.51333150763858,1
5.40140814169284,5.76606748004306,6
5.39922994955417,5.1158041705643,6
5.03634447439548,2.10355589290012,8
-13.1561971248782,-0.876011575266236,7
-0.253151352536192,-13.904264474913,2
5.77863449438449,8.24273583789218,5
4.65293688162204,0.71697798867572,1
5.30622715338107,1.32473752398837,1
-12.7195325435794,-0.0830123300398528,7
-13.5665603222049,-0.990027810140961,7
5.87916797979709,2.53160045047153,8
5.8587479053342,0.910504435495025,1
0.582028275569642,-13.4550571690048,2
6.31527180059787,1.76092944045413,8
-12.4199481548465,1.47498426337588,4
5.92289680822727,1.32536301513065,1
5.71458191259738,5.25332114596713,6
6.00656122549411,7.97544476886142,5
5.72306675299045,5.75986955066074,6
5.27616495474216,5.44737622638095,5
0.435091084083284,-13.6105175266708,2
5.41539091451999,0.543521439031249,1
6.37037510259982,0.686567222074157,1
0.275949662765229,-13.078879381224,2
-12.469872051636,-0.102138670786732,7
-14.0023408474124,-0.374233896538132,7
5.67955393179294,6.46387383838046,6
-13.4763026775515,-0.978471482797974,7
-13.4432321132815,-0.908551896616334,7
5.17979616506931,2.55011985202182,3
5.8831676898801,1.27825555701602,1
5.41586107595798,1.46201453109134,1
5.78736776693698,6.64055774112094,6
-0.494233110705649,-13.7446680317367,2
4.8373741565549,0.659381185964233,1
5.65298361166354,1.8034387578522,1
6.480097240051,0.666206752256042,1
4.62409633978244,0.821622644857055,1
-14.0695529522097,-1.03204765419614,7
-12.8850627483523,-0.284064869090432,7
6.69219869955417,1.2456927051102,1
6.60535520895358,1.76389202971805,8
-12.3257670940554,1.48044822116244,4
6.07721371038791,1.24985859294284,1
5.69654363973972,6.18454596896518,6
-13.890131527344,-0.927224839731568,7
-14.6230226101077,-0.957890237375611,7
5.56480306967136,2.02569959063876,1
-12.7939820827639,-0.242166454597825,7
0.0829223154389506,-14.1465034733261,2
4.28910631521579,1.00080058474887,3
6.38448089941379,1.77011034388888,1
-14.820418888489,-0.655214811369294,7
5.08185047491428,2.63359043498386,3
-12.4114738048709,1.46909925837863,4
-14.418885761658,-0.784048820539826,7
-13.4471030773318,-1.13063254456174,7
4.52296871527072,1.16988096137393,3
6.01269668920871,1.53373405833591,1
-0.31181726397041,-13.7415781269516,2
0.207796400626863,-14.2031831989731,2
-13.0591645778811,-0.574291015669221,7
4.37975019796726,1.37551233668674,3
-13.6150556148684,-1.04941358666074,7
0.277519827922547,-14.2831192264999,2
5.79056257589694,1.99831197162021,1
1.01660925730106,-2.98947312931668,5
3.89292139395114,1.08008823294986,3
4.72220510824558,2.52728030581821,3
5.80294985159274,2.18959090609897,8
7.10073131903049,2.92018101115573,8
-0.0233064086830968,-14.0899954090561,2
-14.1419873775637,-0.855704690023774,7
4.32152265890476,2.3343829860245,3
-12.8249793590701,1.20751807589877,4
0.406384354671205,-13.0309305439438,2
5.9233755527341,0.533962403730041,1
-12.1435332836306,-0.433466816946381,7
-14.2999396862185,-0.797814453646058,7
-12.2184730114138,0.469943021730071,7
0.4841483293378,-12.9187126408066,2
-12.5422215999759,1.49311277766574,4
-12.5259862484134,-0.272899205490464,7
4.61213726385471,2.76114723582614,6
0.358952945312226,-13.937205339476,2
5.71119589193698,2.68070385356296,1
-14.5862250866092,-0.701131845518464,7
-13.655647808472,-1.08780696491849,7
3.95252174719211,2.09264895816196,3
0.604250377258027,-13.2791433582748,2
6.09241575582858,0.899974202111846,1
7.13162083013889,1.81089351077426,8
-0.0958778055107946,-14.1361732731308,2
5.12245888098117,1.23399040599216,1
0.384250289043153,-14.0515117893661,2
-12.4187255443728,-0.587066138788575,7
6.51468319280978,3.48902056117404,6
-12.2053237499392,1.10960862536777,7
3.64008278234836,1.29166731734622,3
-12.448803478638,-0.809965337320679,7
7.16776079519626,2.43070027728427,8
3.86966795309421,1.610095356897,3
7.18992609365817,1.92533335585941,8
-12.5103927196658,0.124417637780792,7
-13.0755601467288,-0.904892827078217,7
5.77006048544284,4.82946917910922,6
0.329063480933869,-14.229028726622,2
-12.4062848629153,-0.16981127361905,7
-13.1273379863894,-0.952861453100556,7
5.45980972631809,1.43944284816135,1
6.74411339147922,2.02062318225253,8
0.214305138429368,-13.2556419620956,2
5.70734829290744,6.17221734423984,6
-12.4094195903933,-0.725473071142548,7
5.91028160436984,4.71699759860385,6
5.72953981741306,1.82265612979282,1
6.23727793081638,1.65160915751804,1
-13.6024833263553,-1.16171827416074,7
6.62694305761691,3.46488425631869,6
4.84565157278415,0.787124012902862,1
5.65773767813083,1.64093432326663,1
6.39813370092746,1.25308546920169,1
0.0487856326901561,-13.3607006321396,2
0.408695345958436,-14.275210405394,2
6.60426229818698,1.05411097903598,1
-13.2836022915042,0.929718350366241,4
5.83914226873752,1.41598102946628,1
-13.0034785808719,1.28045997519839,4
6.058315700134,8.09195992846835,5
-13.3255239071048,0.137533103421813,7
5.14905113561984,0.755888556436187,1
4.4239334522092,1.36679873366702,3
-12.6848779262698,-0.946351374193543,7
6.70703262670871,1.55930087466586,1
5.85918516500827,4.81863353152621,6
6.72254127844211,0.928315376237518,1
0.26050627811786,-14.1676960239853,2
-13.4728007854617,-0.999765182539338,7
4.88098902090427,1.35704717536319,1
0.175983494361604,-14.2594337711776,2
-12.417909199158,1.24076757331241,7
4.68106407507297,0.850447987512237,1
0.649505144199098,-12.8322096119369,2
-13.9867091716922,-1.21503057579648,7
-12.6668811382449,-0.893565977617615,7
-12.4590354503787,0.69806108374942,7
4.74937433584567,2.41709897418368,3
5.65633720739719,4.94689175982822,6
4.9728049693906,2.2513169993912,3
5.55021662100192,5.92838046450961,6
0.60478711708423,-13.0180769215072,2
-0.20068521962527,-13.6041326771225,2
-14.5970807613528,-0.540092642113083,7
4.95792955740329,0.687146579221374,1
6.03199571951267,2.66926309962619,8
0.266515856822694,-13.3772850285019,2
5.74539226873752,7.75202796359409,5
6.02930683477756,8.11631963153232,5
5.75650734289523,0.992006753877288,1
3.77368444784519,1.34984347720493,3
4.49660009725925,2.22286746402133,3
7.08459801061984,2.59596345324863,8
5.91415256842014,5.05179545779575,6
5.12472910269138,2.40971825023044,8
7.08303922994968,2.50951907534946,8
4.91909880026218,0.748462234929687,1
6.99927753790256,2.70123836894382,8
3.63202638014194,2.0351099719559,3
-13.5429425777591,-0.893189037844056,7
5.83092302664157,5.79951712985385,6
6.86636204107639,2.05855104823459,8
-12.5799985469973,-0.805720115705842,7
5.58209461553928,6.38979146380771,6
6.81007236822482,3.47680303950656,6
4.87313694342014,2.27852175135959,3
6.04718441351291,4.60400864978183,6
4.60405868872043,2.78303286929477,3
3.82950872763034,1.63960883517612,3
4.50723833425876,2.33939597506869,3
-14.08807235376,-1.17383136849057,7
0.352173513015473,-13.8538589725937,2
7.37954992636081,2.34211323161471,8
5.51851267202731,6.39795110125888,6
-12.1111159862674,-0.277130524321908,7
5.8526911197507,4.14492175479282,6
5.98308224066135,7.70580956836093,5
-13.5234571041262,-0.473580236240739,7
-0.190239751497542,-14.2701120624984,2
6.87834829672214,2.99493524928439,8
-12.5246291698611,1.48372373481143,4
-12.7011790813601,-0.232122133180016,7
1.01756829603549,-2.98762681584012,5
0.694318359931672,-13.2870140324081,2
-13.6640430034793,-0.00545920307885994,7
3.36669415815707,1.51391837497104,3
-13.6784129680789,-0.695824707552308,7
5.24667114599582,2.03258011241305,3
5.76458353384372,5.07611272235263,6
4.54500765188571,2.4088642348801,8
4.2815823016965,2.07559082408298,3
-10.7002606929934,-1.32875135044705,9
5.71256203039523,5.05521676440585,6
-0.675288343588149,-13.9212188969101,2
7.28401035650607,2.54072544474948,8
4.83837313040134,0.728164588407165,1
5.19766802175876,0.614239071801788,1
0.0663675723874217,-14.0882482777084,2
6.92939991339084,0.969750856355316,1
4.86764854772922,1.95836756129611,3
4.17799705847141,1.56416938205112,3
4.67673200949069,2.40988085170138,3
0.209745800336564,-13.9540272007431,2
5.33294815405246,4.99933240313876,6
-12.5683475078738,-0.791203225656861,7
5.60159105642673,5.09929225345004,6
6.90520710333225,2.30431029696811,8
-12.4830060543216,1.84660801787723,4
4.25630421026584,2.35911581416476,3
-12.6361184658206,1.61486086745608,4
3.62098759992954,2.14437982936252,3
-14.4375691951907,-1.02285357813489,7
4.5220574794614,0.745508705571777,1
5.81692833288547,1.45363328357089,1
4.6481766162717,1.32384726901401,3
4.48143953665134,1.20238897700656,3
0.356164818843568,-13.5058708439316,2
0.0321139751279002,-14.0527162800277,2
5.81867784841892,7.98017213244785,5
-12.0677047313846,-0.355354363724106,7
4.13898224218723,1.97202274699557,3
5.48573774679538,3.75684139628757,6
0.606889372905458,-12.8117199192489,2
4.91236538275119,3.03170964618075,3
-12.618589931885,-0.35980885724675,7
-14.1060548366702,-1.09919061760556,7
0.217004513581956,-13.1439857731308,2
3.98986191137668,1.44785854716647,3
4.03173679693576,2.44430229564059,3
5.550907081207,1.36250171561587,1
4.59557718618747,0.573901688054687,1
-12.5652108730471,-0.387893194958085,7
5.35584873541232,2.02398631472934,1
5.47977871282932,1.5223234643494,1
5.69774574621555,6.01016042132724,6
-13.9958425106204,-0.869601989790314,7
7.25864548071262,2.37503287692416,8
4.89042705877658,1.84567007918704,3
3.95474428518649,2.96233031649936,3
5.6558932720029,6.28559634585727,6
7.04267305715915,2.13278839488376,8
-0.0468040646708364,-14.0133295307602,2
4.15311331137058,2.4508232821976,3
5.61163801535007,6.74676463504184,6
6.93773836477634,2.37853190799106,8
6.8313025890195,1.46576998134006,1
-13.2347217144168,-0.409672016903275,7
3.67051524504062,2.07139418025363,3
-14.2851577343142,-0.780160690351838,7
5.84830326422092,4.77668664355624,6
5.80920452459689,0.518034135297424,1
-12.6570439876712,1.45825765033115,4
5.44535726889011,4.81477401156772,6
-12.8228869976199,-1.05917539696347,7
6.11249107702609,2.64199254412997,8
5.48471683843967,6.2710513820206,6
-12.4553084911502,0.373382901147491,7
5.76531690939304,7.76941153903354,5
5.23217863424655,1.59418330092776,1
6.04721636160251,8.063753103212,5
5.39608234747287,1.56777629752505,1
5.74975818975803,5.99661347766269,6
6.61278337820407,3.6452231158768,6
4.89804739340183,7.61648938556064,5
5.50330013616916,0.843440388635284,1
4.6688851772153,3.0343365420853,5
3.97114748342868,1.25218806166995,3
3.88238138540622,2.2608065356766,3
7.20989984854099,2.42180392642367,8
4.126666015228,1.41028461356509,3
4.97732586248752,1.56737110514987,3
6.58381599768039,0.83944359917987,1
5.33570904119846,0.639568900064117,1
6.67289633139011,3.53661463160861,6
5.09292835577365,1.94721684356082,1
-13.2291360439456,1.10174701114047,4
5.63633341177341,7.82175681491244,5
-13.4590440334475,-0.916642809912079,7
3.99109024389621,0.99840173621524,3
-12.4688401760257,1.38535437484134,4
-14.4230552257693,-0.846276367708558,7
5.09578365667697,1.12480876345981,1
4.01477712972995,2.1963660468613,3
5.50266022070285,6.07037732501376,6
4.84333176000949,0.799722348645812,1
5.94935650213596,4.77781150241244,6
6.30423302038547,1.57565293212283,1
5.70609611853,2.94650885959018,6
-12.2834935726321,0.00230299060094964,7
4.32409805639621,2.32110783954013,3
4.89823192938205,7.59876773257602,5
6.02291864736911,8.0959272136246,5
-13.4796433986819,-1.18349328140866,7
5.56337923391696,7.88167998690952,5
5.13805431707736,1.36346242328036,1
-12.1684184612429,0.23251063127864,7
5.61761183126804,6.44771001239169,6
5.00867933615085,2.28821442027438,6
5.99329084738132,8.17903897662509,5
0.580814963420594,-12.9302292118515,2
4.73951191290256,2.50769946475375,3
-12.7655225338137,0.107266371444351,7
5.70624966009494,8.24658677478183,5
6.14910597189304,0.949200843766815,1
6.24772161825534,2.83215925593722,6
6.7200850902402,0.914801751569396,1
4.79267734869357,0.575190757707244,1
-12.497065121094,-0.851374233766907,7
-0.537671411196029,-13.9394321690048,2
5.52056354864475,2.69126627345431,6
6.62993950231906,2.12100622554172,8
7.4126128612363,2.55849406619418,8
-13.4498229564822,-0.365082199379319,7
5.60920900686618,6.44981000323642,6
4.39469808920261,2.30256650348056,3
-12.7884412349856,1.41800699134219,4
3.96646494253513,2.93062422175754,3
5.64884466513034,7.52242658038486,5
-12.1963639797366,0.0493022327576936,7
-12.7137313427127,-0.373541916414612,7
-13.836007648865,-0.636922741934174,7
4.69950813635227,3.19789073367465,6
-0.317682744721209,-13.9540224323715,2
5.56843132360812,7.83039853473056,5
-14.8290591777957,-0.745544696852082,7
3.97855657919284,0.834103678659088,3
5.59049505575534,6.40987632174838,6
-12.2983851970828,1.37359902758945,7
4.76341480596896,1.33958539862979,3
4.15904278143283,0.789062713578826,3
0.663095956882203,-12.6189356098617,2
-0.156442457596099,-13.6134681950058,2
4.23659176214572,2.41413471598971,3
-12.2615180553592,2.06587097545016,4
5.46433348043796,1.00594816108096,1
5.37267107351657,1.10774848361362,1
6.09735531195041,7.90901753802646,5
5.71060413702365,6.27945849795688,6
0.138206159909928,-13.2373609791244,2
-14.7852187694705,-0.708958948656434,7
6.14049047811862,1.54926512141574,1
-13.7165380062259,-1.2805593262161,7
5.84050030096408,8.08657929797519,5
5.93911165579196,8.11216637988437,5
5.20092863424655,0.464879845574981,1
7.00334162100192,2.30610678096164,8
-12.5550332607425,-0.786381448313111,7
-13.5281215252078,-0.882924104734772,7
5.56154388769504,0.654670750096923,1
3.82365841253635,1.42771527667392,3
6.40265220983859,0.859259163335449,1
-13.4641376079715,-1.10323824982297,7
4.6195048747861,1.61272487540591,3
5.5525202213132,2.18783519168246,3
4.20681280477878,1.7779489507233,2
4.57886928900119,2.50962517161716,3
6.51894707067844,2.20790669818271,8
3.76229376181003,1.28858766455997,3
-14.195798450867,-0.777125443025941,7
-12.6825700344241,0.242314105228073,7
-12.4097648204959,0.874798392251617,4
6.15096897467014,3.45801732440341,6
4.40024179800388,2.00004718203891,3
-13.3799586834109,-0.954216743513459,7
5.61749452932712,0.95914015670169,1
4.38429540975925,1.17174515624393,1
-14.1892505230105,-0.287203455969208,7
6.29277223928806,1.47883627314914,1
-13.5667453350222,-0.902106786772126,7
6.338016456207,2.3278882255112,1
6.57541603430148,3.6074554671799,8
-12.3474288524783,1.66385099788058,4
5.40826315267917,2.08267233271945,8
3.93964380606052,2.07310864825595,3
-12.7416730465091,0.645664488271362,7
-14.8750539364016,-0.706248427435273,7
-10.6815820278323,-1.32798924545895,9
5.72235674246188,2.04673764605868,1
4.69656509741184,0.981881355241424,1
-12.6801896633304,1.60450336833347,4
-13.742917591492,-0.409843857094163,7
5.96036714895603,1.23597333331454,1
-12.5800252498782,-0.873420382543915,7
6.45503420217868,2.12440011401523,8
6.74751514776584,1.17717251677859,1
5.91439813955661,8.09741685290683,5
5.54326862676975,6.4959516276871,6
5.59045738561984,3.8502385367905,6
4.72175354345676,0.875060414270049,3
4.73684591635104,1.5194712628876,3
6.92760891302463,2.115990137056,8
-13.2149797023929,-0.922921563192719,7
4.1449446140134,2.41515586276401,3
4.4786848483884,0.800022338822967,3
4.16104168280002,2.00017998118747,3
0.462215667804444,-13.4546699772323,2
-12.2722545208133,1.42832777400363,4
0.0930453894936686,-14.2988224277939,2
6.69178432806369,1.57890031237949,1
4.81306309088107,1.41717049975742,3
4.1676120220029,1.35377309222568,3
5.69609875067111,6.41906878848422,6
6.29087252004978,0.547273014978057,1
4.02070040090915,1.46627542872775,3
6.09010738714572,7.86262271304477,5
7.05485910757419,2.24426696200717,8
-12.6582685054934,-0.123983743294591,7
6.41974300726291,1.04524085421909,1
6.53101581915256,1.90427765746463,8
-12.2016721309817,1.03543732066501,7
5.57295173986789,4.60580251117099,6
5.59709925039645,3.97799727816928,6
6.06656164511081,1.17828164000857,1
-13.3954415859378,0.113995825246459,7
5.72784704550144,5.60377356906284,6
6.46175617559787,0.724243556455261,1
5.58948988302585,4.95704123874057,6
6.77729458196994,3.3234629382645,6
5.65576214178439,6.42383191485751,6
4.72055191381809,0.464518045381194,1
5.57190222128269,6.13049552340854,6
5.16291088446018,2.21663830180514,3
-0.660030239979064,-13.9230833301986,2
-13.0893636287845,-0.966331566377991,7
5.91441625936862,4.75948045153964,6
4.13947529180881,1.22844955821384,3
6.42667288168308,1.83640882869113,1
6.5981687961423,2.97493455310214,8
-12.2985272945559,-0.0585880025024353,7
5.80106443746921,2.79031155009616,8
-12.4684043468631,2.01448056598056,4
5.38355583532687,5.61103293795932,6
-13.3440719188846,-0.806150401636475,7
-13.0665183605349,-0.997876072927827,7
6.44703907354709,1.78193197150577,8
3.99232811315891,1.34679136176456,3
3.40292162283298,1.61175248523105,3
0.206291234334672,-14.3250932941879,2
5.80371946676608,0.685561095670349,1
7.25840753897067,1.91989025969852,8
6.80550045355197,0.847477232411987,1
0.561061388095582,-13.1896114597763,2
5.70175213201877,4.58828637500156,6
4.9169640003049,2.3282065143143,3
-14.2381053508914,-1.02631315092694,7
6.10973734243747,1.68700728316653,1
4.39015383108493,1.04997763533939,1
3.49255651815769,1.68288717170108,3
6.96467060430881,1.72488150496829,8
4.27281994207736,2.05427906413425,3
-12.3751807750857,1.58739111323703,4
0.461473172744477,-14.1439628849472,2
6.70359463079807,2.49609396357883,8
6.66262955053684,3.55269620318759,6
5.3367056308591,1.97115776439059,3
5.51086897238132,6.36142203708041,6
-13.4912639202273,-0.610080147787446,7
3.82952207907077,1.85013720889438,3
5.36487001760837,2.84632298846591,3
0.130607640584672,-13.6304455051864,2
-0.352983066598212,-14.0623426685775,2
6.67095035894748,2.07479379077304,8
7.38664144857761,2.16457435984958,8
5.99949545248386,2.44527575869907,8
5.939738696655,2.38989279170383,1
5.56013674124118,5.25305220980991,6
5.74878782614108,5.87311026950229,6
6.0037354884946,8.07009313006747,5
7.26087517126437,2.13239452739108,8
4.71084970816013,1.79809067149509,3
4.92945761068698,1.72703084845889,3
5.9048380313718,4.71892354388583,6
4.85956282003757,1.50582597155917,3
6.37846798284885,1.40628836055148,1
5.29148191793796,1.95283863444675,8
5.26710886343356,0.801754211381561,1
5.11963600500461,1.28954265017856,1
6.50723070486423,0.943512832120544,1
4.22577614172336,2.11104414363254,3
4.80250353201267,1.0309196462189,3
-12.3405213894046,2.21785089869846,4
4.25707430227634,0.704750811055786,3
3.86933893545505,1.44915184874881,3
-12.3610444606936,2.05930588145602,4
-13.7810178341067,-0.475887740656251,7
7.21657270773288,2.53984544177402,8
5.96983475073215,4.78012654681552,6
-0.114009136120116,-13.7833557377304,2
-10.707779461304,-1.32422628502499,9
-12.1192651333011,-0.403677160545701,7
4.5803694187009,2.49816915889133,3
-14.8828807415164,-0.733856047197693,7
0.130999958356584,-13.809821153685,2
3.55497831686374,2.07638952632297,3
-12.5774064602054,-0.0838104548598467,7
6.6389426647031,1.52229699988711,1
-12.3597608150637,0.997993325189239,4
-12.3794446529544,1.9413702239548,4
6.97437662466403,3.13342640300143,8
6.01880640371677,7.88313529391635,5
3.43512029035922,2.01792118449557,3
3.97990125997897,2.94672987361301,3
4.10047239645358,0.761247908071166,3
5.7134899555051,1.07815191645969,1
5.66647190435764,6.06000277896274,6
-12.2761254848636,1.83359262843478,4
-12.6090512813723,-0.795093799635285,7
6.62581486090061,1.63458881278384,1
-12.1884637416995,-0.131917665406579,7
-12.6963573040164,0.1791606595074,7
4.01511234625217,0.765916143849975,3
4.49359888418552,1.30955812831271,3
-13.0402045787967,-0.566898788019532,7
3.57272881849643,2.09357473750461,3
5.89132303579685,0.883381639913207,1
-10.6737313808596,-1.34111263851773,9
5.73343843801853,5.22331759829868,6
-12.3453622402346,2.14895245929111,4
-13.5677342952884,-0.316680068775529,7
-0.307883703867232,-14.0851173649276,2
0.413316672881806,-13.3724212894882,2
7.06876415594455,2.10979149241794,8
5.67770761831638,8.05982968707431,5
-12.7153640331424,0.0816049029384912,7
4.57941002233859,0.834459101155883,1
4.43841404302951,1.2150405396973,3
5.98512882574436,7.87245604892123,5
6.81081671102878,1.6967173566376,1
7.28761762960788,2.36704728503574,8
4.80588287695285,1.25953063865054,1
4.84910959585544,1.04933140178073,3
5.83077520712253,7.49951121707309,5
0.600236958106721,-12.8392820606674,2
6.75004858358737,1.26977643866885,1
5.55082077368137,1.18514594931949,1
6.21282286032077,3.08346245189059,6
4.82215494497653,2.58282945056308,3
0.279647952159608,-13.4519043217148,2
3.5774020610654,1.55208871264804,3
-12.4987397731936,1.8298321713959,4
-12.4622264446414,1.97217199702609,4
0.38058227880832,-13.5796995411361,2
-10.6769271434939,-1.33412947754514,9
-13.2754731716311,-0.354399169489258,7
-12.7002339901126,-0.949915553137177,7
-14.175347858826,-0.492830450340623,7
0.285305803855622,-14.2436285267318,2
6.14904684408542,2.55093858142245,8
4.80744356497165,2.29381511111606,3
6.90446276052829,1.02138647933353,1
-12.4516883434451,-0.154400537415856,7
4.96460766180393,1.00680360694278,1
6.30359072073337,1.24199542899478,1
0.155553912957872,-13.4788685093368,2
3.13231582029697,1.48064992328036,3
-8.46662383691434,1.96732041735995,10
5.57253116949436,7.83226964373935,5
-12.6336894573367,-0.0403655010009943,7
5.40164036138889,0.898141776517516,1
4.63866276129123,1.62410733600009,3
4.14253420217868,1.21498522658694,3
5.16277498587009,0.755189393952972,1
5.69148630483981,0.63471058507312,1
4.94597334249851,2.10292527575839,3
-13.1891780437625,-0.420829767986649,7
0.554005151828492,-13.013995195433,2
-0.134950907686984,-14.1078930149521,2
6.88428873403903,1.37439498801578,1
5.62020487173435,1.31747434039462,1
3.86237568243381,2.24100301165927,3
-13.1311832012332,-0.818095768495911,7
-0.554207110563552,-13.8285331974472,2
-13.5177903713382,-1.00468262533795,7
6.2430948673093,0.716069852307922,1
5.84785360678073,0.711082076028472,1
-0.275637473697102,-13.4613037357773,2
-0.378575080791747,-13.6406173954452,2
-12.4926219524539,-0.265615145369881,7
-12.5375609935916,1.90208110709537,4
5.50796360357639,4.52266309161533,6
4.7997297702634,1.46328852076877,3
5.83544630392429,5.00420377154697,6
-12.6295180858767,1.72183141608585,4
-13.826299244324,-1.17068400482785,7
6.10322565420505,4.38000581164706,6
5.69291204794284,7.93264863391269,5
-13.5940976680911,-1.11656382183682,7
0.404371803840364,-14.0987978229965,2
6.33210176809665,3.40137669940341,6
-0.61761325017575,-13.8672256718124,2
5.63237518652316,6.4192504634415,6
3.78577370031711,2.16579768557895,3
3.61319631918308,1.63769493003238,3
4.92110723837253,2.40882465739596,3
4.07377142294284,2.19888183970798,3
4.6334642825925,1.60317609210361,3
6.19314045294162,2.243196462587,8
-14.0108924450076,-1.12686565022122,7
5.86579985006686,7.72709987063754,5
6.07601303442355,1.26156172652591,1
-12.5687757076419,-0.21053121487748,7
6.98566049917575,1.5655534019028,1
6.08845037802097,8.11555001635898,5
-12.3645186962283,-0.397994841143006,7
-14.6230426372683,-0.687410915895814,7
6.49446291311618,2.08346245189059,8
6.72653002127048,1.76374075312961,1
5.26029962881442,2.41962215800632,6
-0.128507608333861,-14.2051363239731,2
3.9459847865903,2.92612693209994,3
5.47802633627292,5.67982480426181,6
0.253427690108979,-14.0568657169784,2
-0.435028800526893,-13.6594286213363,2
4.91429275854465,0.734799896672851,1
-0.0879505218661183,-13.5941658268417,2
6.71762985571262,1.3903517474686,1
0.0310733674370891,-13.8395796070541,2
4.28804010733005,2.29002950091708,3
6.40737480505344,0.590810810521728,1
-14.8479323925174,-0.759007001921052,7
5.75277656896945,5.98846671481479,6
-14.4761920513308,-0.846330250307435,7
-8.46891074792508,1.96542022128451,10
-12.4322553218997,1.98859259982455,4
-14.4142413677371,-1.01557161907803,7
-13.5514655651248,-0.369035805269593,7
5.7908710895383,1.61440060038913,1
5.01249784811374,0.626110171273834,1
-13.2391477169192,-0.734015966459626,7
5.61296505316135,7.38353679080356,5
4.64213365896579,0.734999989465362,1
-11.0749545635379,-1.07597437004697,9
5.28575367315646,1.53613266845096,1
-12.2837443889773,0.149328296378738,7
4.40279764517185,1.60191938777316,3
3.78624815328952,1.65356693168033,3
6.39268249853488,1.25037524600375,1
6.89484495504733,1.04747817416537,1
5.68209022863742,6.27334306140292,6
-13.3671775402224,-0.739469672247285,7
5.53574270590183,0.574585830167419,1
-14.2605100216067,-0.75391110281598,7
5.92620653494235,4.56218478579868,6
-12.4043059887088,2.11148450274814,4
5.83900637014743,1.31385061641086,1
6.04805654867526,8.11559483905185,5
5.59045404775974,5.7218570460831,6
-12.4541612209475,-0.906012977167481,7
3.38690776213046,1.82379588981021,3
-0.265863039316868,-13.5072183857406,2
0.12705347522136,-13.3178758869613,2
-13.2090135158694,-0.511121148868912,7
5.1562537608945,0.633727585271484,1
4.68860859259006,1.27413687606204,3
6.17599052770969,3.43547222514499,6
0.138883209069932,-14.2124986896957,2
-12.3320785106814,1.69310328860629,4
4.38672298773166,1.5026427259003,3
-13.8245778621829,-0.218318323298806,7
-13.4311729015506,-0.783301437898987,7
5.58866257055637,2.31215665240634,1
3.73764795645114,2.07380030055392,3
5.97708982809421,1.30946073432315,1
-13.3652453960574,-0.739705110594147,7
6.16300911291477,2.544940685228,8
6.14387745245334,1.91493759055484,1
6.52910513265964,2.27667996783603,8
-12.6751924099124,-0.19853150348317,7
-12.4480987133181,1.815333222345,4
-12.4281106533206,-0.0829773830915629,7
5.57254690512058,0.869322513536102,1
0.116826718887055,-13.8446817646469,2
0.319055980285371,-13.1484070072616,2
0.143762653907502,-14.1783447514023,2
0.0191275237404948,-14.2151241550888,2
3.91655439718601,1.21081719298709,3
-12.5062718929446,2.1266889323746,4
0.670544212897981,-13.144387270018,2
-14.8385701717532,-0.621145452066773,7
5.49644607885715,0.729278062776214,1
-14.1867290081179,-0.98863484959256,7
-14.6178794445193,-0.853126014276856,7
6.07420439108249,0.917556678250915,1
3.40255112036105,1.57821390529025,3
4.29007429464694,0.661542748407012,3
5.34744877203342,1.00981244941104,1
5.65034574850436,3.98038766284335,6
-12.1896730007327,0.640646194413787,7
-12.6793313564456,0.474176203206664,7
4.32587379797336,2.35878512759555,3
4.40715259893771,2.39777252574313,1
5.97087663992282,4.13218066592563,6
3.9669546542966,1.40146133799899,3
-11.1277833522952,-1.05736126999509,9
6.01102346762058,7.76800057788242,5
-13.3194690288699,-0.806386078401917,7
-14.7953906597293,-0.630977119013184,7
5.95363706930515,8.02193925280917,5
-12.5474496425784,-0.845296824976319,7
4.12513632162448,1.85398623843539,3
6.67743868215915,2.18963739772189,8
-12.2961707653201,0.568497215703613,7
4.38036770208713,2.32506177325595,3
5.43092817648288,1.44168934722293,1
-12.4055285991824,-0.793531621500367,7
4.97127718313571,2.56394956012118,6
-0.037892291108405,-14.0170841465439,2
-12.6077275814212,1.45495960612643,4
-0.614510589996611,-13.8760757694687,2
4.89410538061496,7.6129965533768,5
4.43256611212131,1.72052583594669,3
4.66086906774875,3.1102483024155,5
5.95547861441013,4.7556214084183,6
6.23155922277805,1.86304423709262,1
5.33230299337741,0.927551542714721,1
6.07691711767551,1.3660208930527,1
5.56976789816257,1.21274921794284,1
6.61303991659519,1.42808363337863,1
3.7491812167966,2.06945416827548,3
5.93873924597141,1.58200988669742,1
6.71972269399997,1.05182156463016,1
5.83769029959079,8.14751527209628,5
5.85421604498264,4.85989663501132,6
4.56758589132663,1.90184888739932,3
6.13836950643894,0.530265425637847,1
5.66083187445041,4.72962520022739,6
6.77932543142673,1.15648875136722,1
3.71007675512668,1.25329730410922,3
5.65937561376926,5.09862754245151,6
5.401248878082,2.87009427447665,3
6.53186363561984,1.99396464724887,8
5.424113696655,2.17593381305087,8
-14.0580649913943,-0.695445741220826,7
6.08812994345065,1.42131481070865,1
-0.00985565201405231,-14.1499920139755,2
4.54964584692355,1.74808761973727,3
5.5888618884885,0.708047841981536,1
5.48684162481662,6.35908076663364,6
4.73616499288913,2.32737395663608,5
-12.5441585125125,0.352076863244659,7
3.8032583652341,1.96928307910312,3
5.77544397695895,5.63568255801547,6
5.71744961126682,8.00776860614169,5
5.83763737066623,7.301612352327,5
4.02311367376682,1.99283645053256,3
6.53287309988376,1.77479574580539,8
-13.1361251415408,-0.893961037203187,7
5.6180514751279,7.93602225680698,5
-12.8475528301394,1.12174711127628,4
5.99324745519992,0.930783306554443,1
-0.260358328717088,-13.8248014698471,2
4.46016878469821,0.93501130242694,3
5.84739870413181,1.69922909636844,1
-12.3494372905887,2.30925986667026,4
6.1521992145383,1.14590475459445,1
1.01669055803653,-2.98930695156705,5
5.57814068182346,4.40706202884067,6
-13.8015790523684,-0.804293120905274,7
6.68978781088229,1.35116264720309,1
1.01702720507022,-2.98849346737515,5
6.02525705679294,0.583231185868865,1
4.58880371435519,1.61233208079684,3
-0.631567412773406,-13.8136692295517,2
6.17966265066501,0.952794705823547,1
-12.4143682064212,-0.530365849539155,7
4.8712515292966,1.17478940387118,1
6.59295267446872,2.27967307467807,8
6.85780758245822,1.36103949447024,1
-14.1774535717166,-1.18175509075772,7
7.13468736990329,2.39762923617709,8
-8.47709899560574,1.95996758838046,10
6.27329201086398,0.7620763530289,1
6.11538261755344,7.98468301196445,5
5.12479013784763,1.0838262786423,1
0.0764149187409526,-13.5272627125229,2
4.70666736944553,0.45923302073825,1
5.5766753612363,7.96351716418613,5
6.56660980566379,0.768271123365051,1
5.88890880926486,1.58052894969333,1
-0.506909632841384,-13.9415054569687,2
-14.7905049862063,-0.774241889520997,7
-10.69061141626,-1.32895591358792,9
-12.3095965923465,1.62259623904575,4
5.438358253082,2.13789126773227,1
-12.2603555263675,0.015894175813085,7
4.85864014013644,1.16129097838748,1
-0.549993449608123,-13.9066829929794,2
4.72684950216647,2.4612734069382,3
-12.6118741573489,-0.815282965704316,7
4.12621969564792,0.980696772531158,3
5.6101169048154,0.982752179101592,1
4.78709406240817,2.46018597979892,3
3.96614641531345,0.862268840268737,3
0.130138075193132,-13.2659530888046,2
4.17985386236545,1.47487637896884,3
6.90812010153171,2.41253921885837,8
-13.8399787487185,-0.983994985624665,7
5.75618690832492,5.80978009600986,6
5.21335930212375,0.992619966462737,1
5.72091812475559,5.86965463061679,6
6.77238363607761,0.834163640931732,1
4.08119863851901,2.82824585337985,3
-12.3542352260745,1.55878982444156,4
-12.416610294739,0.705124651387817,7
7.26006311758395,2.08954236407626,8
5.80249780996677,6.09512421985019,6
5.47247356756564,1.48078701396335,1
-13.9997401775515,-1.01421430210721,7
-13.6209254802859,-1.05731346706998,7
-14.3764062465823,-1.04889955620419,7
5.71022219045993,6.34479234118808,6
5.99345726354953,1.29994413752902,1
-14.1294246257937,-0.837942803903931,7
5.19916290624973,1.73129949469913,1
-14.6931300701297,-0.570679391428345,7
-8.42585425988797,2.00806591410983,10
4.31743473394748,2.3204145183121,3
-12.4021630825198,-0.711769784494752,7
5.43094820364353,2.62289998431552,1
-12.7379251064456,-0.171078423663491,7
-0.127138653556144,-14.1332273731674,2
-13.757397228638,-0.454549128815049,7
3.92838854177829,1.89657184977878,3
4.56073564871188,1.16759297747958,3
5.68963379248019,2.75342867274631,6
5.66203016622897,8.0116462459122,5
4.86534065588352,1.71637604136813,3
3.97990745886203,0.810574864343292,3
-0.144809031645095,-13.7665958652939,2
-12.7146850170291,-0.952162231012696,7
4.74880976065036,1.03402397532809,3
6.23618263586398,0.866896664098388,1
5.97027725561496,4.63585278888095,6
0.0313486812913066,-13.4576788197006,2
4.34313482626315,2.16415307422031,3
-12.7175975383914,0.0241355871115984,7
-13.4630647243655,-0.545151675745362,7
-10.6774917186892,-1.331066752478,9
3.82444996221896,2.13699910540927,3
-12.5790839733279,-0.560267115637177,7
5.69823021276828,6.12727734942783,6
-14.3286538662112,-1.10818984608304,7
5.81337303503391,4.93785521884311,6
5.93354839666721,1.93001947303165,8
5.94682068212863,8.04139420886386,5
3.99840635641452,1.88908622165073,2
-0.699093544641768,-13.8618850956405,2
0.621471530040467,-12.7616777668441,2
-12.1810021938479,0.434810911611205,7
3.77804512365695,1.84366736312259,3
7.27342218740817,2.22837159533847,8
-12.9496217312014,0.0908659895216287,7
-13.6016841472781,-0.485330815121049,7
6.03811401708957,8.111999486879,5
5.1585034786069,1.67419729132999,1
4.64683193548557,2.44707415004123,3
5.2294549403989,2.75981495280612,6
4.1069955287778,1.26881477733005,3
4.00094885214206,1.4114550103699,3
3.72093815191623,1.49392506976474,3
5.50915951116916,6.25960252185214,6
0.333585864146913,-13.5736751804794,2
6.1245474277341,1.29326078791965,1
-14.8557792247928,-0.725898707910889,7
5.9103631435239,4.79160735507358,6
4.66383690222141,2.31167099376071,3
-12.3457246364749,0.65001306434024,7
5.68782705648776,8.14854714770663,5
4.88919920309421,1.24085459609378,1
-12.1332974971927,-0.380033428474778,7
5.27692837103244,2.13676473994601,3
-0.380161369005477,-13.816226030394,2
5.73522514685031,5.92654702563632,6
0.485369807323182,-13.6273994694198,2
-12.4669080318606,1.73926017184604,4
0.668436533054078,-12.5975218067611,5
3.55892652853366,2.09986207385409,3
5.77081579550144,7.91807362933505,5
-8.47287898675564,1.9617788543259,10
3.0841593204343,1.41159317393649,3
7.22498411520358,2.29525539775241,8
4.39942783697482,1.57233402629245,3
-12.9910302700198,-0.515957737966889,7
5.91918987615939,1.66832444568027,1
7.19660705908176,2.38341185946811,8
5.88730949743625,1.36752209563602,1
6.06214565618869,7.77930257220615,5
4.6884712634885,1.35903522868503,1
4.00323814733859,1.92206463713992,3
5.90819973333713,4.86208007235873,6
4.64216036184665,3.18517563243259,5
5.09734482153293,1.60068259139407,3
-12.8833509029544,1.3659924020325,4
4.15890497549411,1.23068163295138,3
5.8757943569028,1.90827379126895,8
4.93306679113742,3.06067106623996,3
5.9535965381467,4.73389813800204,6
6.73092502935764,1.47871718306888,1
5.6037954746091,4.84978434939731,6
6.33044475897189,1.15712044139255,1
4.15558332785007,2.35962889094699,3
4.891230052551,7.6118225802933,5
5.77274603231784,1.27985129256595,1
5.72732824667331,5.30853650470126,6
6.77365726812717,0.872550045446044,1
-12.4801297725833,-0.494486267372483,7
-12.4588447155154,2.14143011470187,4
0.0247096775376445,-13.8941784153427,2
-13.8672700466311,-0.490549052759522,7
-14.066494518677,-0.898231531187409,7
5.54883427008029,6.5649475802933,6
5.53708738668796,1.28409860034335,1
3.83291477545139,1.68221375842441,3
6.56040710790988,0.663876508668548,1
6.91499657019016,1.09780881305087,1
6.74174684866306,0.90026107926715,1
6.61551851614353,1.82567009826053,1
-12.8628173412478,-0.505773002907151,7
6.19229788168308,1.52534601588596,1
-0.164763817349708,-13.6014147053207,2
-0.0320881249106282,-13.5407877216781,2
4.31169790609714,1.51259693999637,3
-12.9139657558596,-0.242240379258507,7
5.49965376242038,0.985678528741485,1
-14.0327201427615,-0.967303777738923,7
-12.9792342724002,1.26581618686069,4
3.40698236807224,1.49973723788608,3
5.63790935858127,4.91553304095615,6
6.62236971243259,1.15258130927432,1
-10.7069993557132,-1.33119490246426,9
-0.0492805035508031,-13.5101890812362,2
-13.6558251918948,-1.1074065218414,7
0.485397881110871,-13.8480816135849,2
3.83631700857517,2.2872445334946,6
4.17146868093845,0.922331367925292,3
4.76479334219333,1.17908749480594,1
0.457170313438142,-13.616983438536,2
6.01140970571872,2.62816951175082,8
5.84249967916843,7.98404595752109,5
5.78183979376193,7.3880152453934,5
4.24006742819186,1.32539114852298,3
-0.121833065310752,-13.6143427143539,2
5.43503326757785,4.01920697589267,6
6.37703461035129,1.73690924544681,1
5.54282326086398,2.27229521174777,6
4.61191267355319,0.87618265052188,1
-13.0495038570559,-0.96081742148053,7
5.69543594702121,4.21409604449619,6
-13.8008094371951,-0.46679573754918,7
6.55506176336643,0.784825300172454,1
-14.2326474727786,-0.785535718008393,7
4.69170517309543,3.10803124804843,5
-14.8612800182498,-0.610432768865937,7
-0.0614691169655675,-14.4079275379623,2
4.79046530111667,0.618120824292785,1
-13.6588750423587,-1.10485341648709,7
-12.1570745052493,0.111644377306587,7
0.713147944053376,-13.2538023243393,2
-13.7238383831179,-1.07647457222592,7
5.59315723760959,0.659764503434783,1
4.89932817800876,7.61431405444492,5
4.65605396612521,0.744011854127532,1
5.03497166021701,7.62626168628085,5
3.9149469791257,1.63240609069217,3
-14.2825160564578,-1.08877971272122,7
5.68470615728732,6.80706069369662,6
5.64171976431247,5.14949509997714,6
-12.3816495479739,0.426829015210754,7
-0.150504374662673,-13.6945972691024,2
0.358839577277864,-13.9470815906967,2
0.39411473854419,-13.3196506748642,2
5.80936855657932,0.633645390466338,1
-0.00124808565739337,-14.2029934177841,2
-13.5414672435916,-0.306919778391236,7
-13.5226178707278,-0.935920680567139,7
7.06484455450412,2.24878427882541,8
-12.3540711940921,2.25842687983859,4
4.66150802954074,0.866622959569579,3
5.58222956045505,6.46378514666904,6
6.00983185156223,2.37918994326938,8
5.71880907400485,5.95415160556186,6
5.94026941641208,4.72503611941684,6
-13.1678491176761,-0.409226054951066,7
6.58771557196018,1.37111983199466,1
-13.9525437893069,-0.944712484880799,7
0.596870010932649,-13.3119373569931,2
-14.5661378444827,-0.786959076925629,7
-0.262748744124805,-14.0991783390487,2
-13.820907169739,-1.15447809795987,7
6.64446682318088,1.36050734420169,1
-12.4050641597903,1.83073625464786,4
5.11206144674655,1.32027802367557,1
-12.9572320522464,-0.491628671690339,7
6.2137751041257,2.05572006602634,1
5.52091211660739,7.70057723422397,5
-14.383919292847,-0.849615062281006,7
6.56196779592868,1.39663538833011,8
-12.9373813213504,-0.501490737005585,7
5.68737501486179,6.42966124911655,6
5.7313589511716,5.63732812304843,6
3.71083564146396,1.98005530734409,3
3.08928603514072,1.4363368501221,3
6.75113100393649,1.24736306567538,1
6.51893658026096,2.25588867564548,8
5.74674505575534,5.77538964648593,6
3.97255272253391,1.22204217810977,3
-13.1673331798709,-0.500240499779099,7
7.06266397817966,2.99547574420322,8
5.62188858373996,4.92309377093661,6
5.4846286235654,4.76684663195956,6
6.79697031362888,1.68120441336978,8
4.79727835043308,1.18412170310367,1
4.06103844030734,1.17288122077335,3
0.288954442580903,-13.3985147724594,2
5.51525635107394,6.4472627391373,6
-8.46942763940457,1.96476743121493,10
5.82376331671115,5.74614522357333,6
6.15304703100559,0.720043872789031,1
6.70838684423801,0.816387568906432,1
6.26484436376926,1.92370126147617,1
-12.4020247997439,1.62732407946933,4
6.3853477893674,1.08240923781741,1
-12.214973980347,0.600080167249328,7
-12.7070613445437,0.0376445253645242,7
5.63060182913181,8.00440976519931,5
6.43518299444553,3.28927848239291,6
0.673110490878785,-13.0859537373031,2
-12.6944833339846,1.29870567221988,4
-12.4994597973025,-0.248601774379128,7
6.76709598883029,0.910547231629974,1
6.66023868902561,3.61265919108737,6
4.87101978643771,2.52202174563754,3
5.51533598287936,3.7980129470383,6
3.11954492910739,1.39325437445987,3
-0.23545428902868,-14.0911569843734,2
5.75015730245944,5.09072062869418,6
3.84744448049899,1.9591605414902,3
-14.0055242122805,-1.04022767643582,7
5.98638147695895,7.75764129062045,5
6.31187004431125,1.20975253482211,1
-0.486183265010154,-13.9281339893783,2
6.57444948538181,0.812055682138091,1
-12.4482484401858,2.08356139560092,4
3.94323486669894,1.12033889193881,3
5.91426796301242,1.60255060096133,1
6.16576904638644,1.49722859759677,1
4.113491481384,2.3949744452988,3
0.231121694883073,-14.2251730213607,2
5.4845499454343,4.6293163051163,5
0.14701483233806,-13.2374792347397,2
5.2652887760007,5.69701335330356,5
7.37150186880466,2.32966372866977,8
5.92200750692722,7.89991614718784,5
6.51944202764865,3.07018539805759,8
6.33706707342502,2.59714839358676,1
0.674397593578065,-13.0908003101791,2
4.84854549749728,2.51462528605807,3
-10.6780400814212,-1.33620085816037,9
6.26009935720798,2.70306346316684,8
-12.4591374935305,-0.845334554716462,7
-12.4913764537967,1.95997164149631,4
0.364151304801667,-13.193911577269,2
5.63081020696994,4.47647282977451,6
6.08496660574313,2.61047146220554,8
5.01916355474826,0.82314858336795,1
6.10589928015109,7.82318065066684,5
6.49628204687473,0.915075575307495,1
5.59612840994235,7.45686814685214,5
5.97883028372165,8.18060204882968,5
-12.1565213741458,-0.421966517969483,7
4.56214041097995,2.25921008487094,3
7.33945841177341,2.534456228212,8
5.44970125540134,5.91468427081454,6
-12.4394202770388,2.20564935107577,4
-12.4044328273929,-0.725838030382508,7
5.55095238073703,1.2159782399689,1
-12.4003692211306,-0.395918096109742,7
5.6226262508237,6.11562917132724,6
3.86465019567844,2.03625128169406,3
0.48349166496631,-13.1325273762191,2
5.19113010748264,2.99182436366428,1
4.41585153921481,1.88152334590305,3
0.271261459430421,-13.8371114979232,2
-13.0230536998904,-0.471678013607377,7
-12.4642005504763,-0.317106480404252,7
-8.47123199121121,1.96305606265414,10
0.388448124965394,-13.0950479755844,2
6.74850553854343,1.01962253947604,1
-14.0392537655032,-0.92889478306424,7
5.68592447622653,0.51395634312976,1
4.0248069225156,0.915752326444274,3
4.16807312353488,1.48072752852786,3
6.0944542346799,0.87770590682376,1
-13.3865314067996,-0.959768558546418,7
0.0699387548768168,-14.1823072681869,2
-13.2087388576663,-0.990451658769959,7
5.81442112310764,8.04935834308017,5
-14.2761579097903,-0.942944551512116,7
0.303835517009461,-13.2480964909042,2
5.52680820806857,7.71247718234409,5
6.43070930822727,2.60871431727756,8
-13.3719611705935,-0.255998308464402,7
4.48703474386569,1.63556597133029,3
3.87536615713474,1.45903859038699,3
-12.693263584534,-0.678089762731904,7
-12.2284265102542,0.827995215848571,7
5.76349443777438,1.03464755912173,1
-12.2463603557742,1.25153849025119,7
4.27942032202121,2.50588986773837,3
6.6303166805112,0.852194284394866,1
-12.3659005703128,-0.639723623796815,7
3.86465782507297,1.20839521785129,3
5.63428348883029,0.87397215266574,1
-0.209519235203301,-14.1370411167587,2
0.184110647281373,-14.2931308994735,2
3.99242824896213,1.36437055964816,3
5.7542819438779,2.60676143069614,6
6.08896154745456,1.19330487151492,1
4.13755173071262,1.32217178244937,3
5.59421676977512,7.93516490359653,5
6.98325199468967,1.90897676844943,8
-12.889438206116,0.136337329939491,7
5.75544685705539,2.69104955096591,6
4.7453913150632,1.43715855975497,3
-13.5469947399295,-1.21259179215085,7
4.836298411926,2.51640102763522,1
5.6757153926694,4.36426780124057,6
4.42410702093478,1.12864277263034,3
5.01663393362399,2.05480930705417,3
5.5535458980405,4.41810033221591,6
6.39189619406101,1.63709721465457,1
-12.3859782756961,2.16951200862277,4
0.448830908378327,-13.8164892445053,2
-12.4426904262698,1.97403285403598,4
6.44271606787082,1.68615851302493,1
-13.3427539409793,0.0124516387735666,7
-14.3468986095584,-0.578223253294343,7
-14.0125728191531,-0.598114634558076,7
5.49805254324313,1.72551140685428,1
5.84347624166843,2.18584296603549,8
-12.394245678345,0.593897615865356,7
3.71425933225986,1.13654503722537,3
4.14920372351047,1.22337648768771,3
5.98157400472995,1.68867883582461,1
-12.365153843323,0.480433796838409,7
5.52363104208347,6.19204041858066,6
-0.58347588197354,-13.7332144031967,2
4.9018477855527,7.60901973147739,5
3.9544600902402,2.95238611598361,3
-12.3375526012576,2.24540755648959,4
0.443603938659394,-13.0496320972885,2
5.56677860601779,4.85814425845493,6
-0.187618942717349,-13.7964964161361,2
5.74959606512424,7.9403457393204,5
6.7988318858945,2.26429936786044,8
3.39579481466647,1.38056967158664,3
4.32452291830417,1.39278087516177,3
0.100547468503678,-13.1916895161117,2
4.47728533132907,2.31534359355319,3
-13.8602033199466,-1.21198001007687,7
0.133539026817048,-14.1965465794052,2
5.54309648855563,2.12351653476108,1
-12.7688928188479,-0.840006197496766,7
4.84651846273776,1.47436723609317,3
4.43681330068942,1.75393876929629,3
-0.700737381140029,-13.9032001743759,2
-13.8424020351565,-0.454685325428361,7
5.80116028173801,7.61006734271396,5
6.37254471166965,1.23120949168552,1
5.93529981954929,1.8252403487717,1
-13.0457978786624,-0.91286375622403,7
0.298303431113923,-13.9391680012191,2
5.65339035375949,2.22562143702853,8
6.00085586889621,8.00669762988437,5
4.11681646688815,1.46973452468265,3
0.447794622024263,-13.8091144810165,2
4.53811306341525,0.984788512185699,3
5.56511158331271,1.57418868441928,1
5.6944560466611,8.09138486285556,5
0.649902289947236,-12.6418009052719,2
5.54068798406955,4.8703675021683,6
0.0158594606721049,-14.2566156635727,2
6.32678694113132,3.38796040912021,6
5.99112505300876,1.23893926043857,1
-13.1430059017337,-0.452056522175187,7
5.64440817221042,6.22551486392368,6
6.87086815222141,2.27597854037631,8
5.50613159521457,0.94633737702716,1
6.49657148702976,2.59979841609347,8
4.33356518133518,1.90579554934848,3
-0.0258889587319249,-14.3273945103134,2
-0.154329070607459,-13.9737034092392,2
6.74951023443576,3.48998925586093,6
5.86497444494602,7.83655259509433,5
6.0088567195737,2.85846063990939,8
-12.3456712307132,2.06689665217746,4
6.4635481296384,1.00588509936679,1
7.09420389517185,1.80740556617129,8
4.8079175411069,2.05403826136935,3
5.64931530340549,4.8024120082413,6
5.94074005468723,8.02108571429599,5
7.06472820623752,2.30734298129428,8
5.506313747009,3.71828863520969,6
3.80888695104953,1.56979093451846,3
5.76865143164035,5.85409972567905,6
-12.7931018413699,0.156300728515273,7
0.533809190829957,-14.0322790394272,2
4.21036428793308,1.64359078307498,3
6.08614820822116,4.46503827472079,6
4.63972706182834,2.21808717151034,3
0.583234315952027,-13.3590278873886,2
5.13629383428928,1.09441075225223,3
-0.0256293656027669,-14.0593881855453,2
-0.20610524506334,-14.0163507709945,2
0.653358763297761,-12.605529809996,2
5.76487249716159,5.91232726474155,6
-13.9498954357303,-0.919348264738434,7
5.99298567160007,7.70438287158359,5
6.54169315679904,0.723811661199218,1
-0.267446975009775,-14.171257997557,2
3.99904674871799,1.38164863486636,3
-0.10037674919728,-13.7652378330673,2
4.3884200511777,0.987063263848907,3
3.90945572241184,1.39116356273044,3
-12.4071479381717,2.040306543306,4
-12.5890231670535,-0.881332899137849,7
6.60798448904392,0.858373140290862,1
4.03134292944309,0.983129357293731,3
6.12623400076267,1.95601055522311,8
-14.1126294674075,-1.08122363190305,7
0.128624236425126,-14.1735592136825,2
3.70707363470432,1.62766525645602,3
7.39560789450046,2.55813166995395,8
6.17089790686008,3.49447677035678,6
5.96644539221164,4.74922034640659,6
6.09414762838718,7.96691129107822,5
6.05268282278415,8.06446263690341,5
6.09187216146823,0.682917748883849,1
6.99884266241428,2.82305595774997,8
-12.3689456524051,2.24148771663058,4
-12.3692031444705,2.26952049632419,4
-14.0791764797366,-1.11446216206204,7
-12.3995910228885,2.05221102137912,4
5.4888896404111,4.73680064578403,6
6.73294443472263,1.20299980540622,1
4.95160908087131,1.03677437205661,1
0.49855125530597,-14.1594429264511,2
5.31602806433078,2.07484648127902,3
4.28591150625583,0.646886502698547,3
-12.3878627361453,1.11746261020053,4
-14.2910447658694,-1.010898555323,7
-14.3048863948977,-1.08271446327817,7
5.96966738088962,4.68967912097324,6
4.89243120535251,7.60815331836093,5
-12.6912494243777,1.09507069487918,4
5.53957599981662,4.91095397372592,6
-13.3738370479739,-0.61931386093747,7
7.30024284704562,2.35881230731357,8
5.56365341528293,6.08034179110873,6
5.6485862193906,3.98561093707431,6
6.51483911856052,1.51479396720279,1
5.58613437994357,7.60531470675815,5
-12.3445592464602,2.10666320224155,4
4.51599115713474,2.15617678065646,3
5.6280292926633,7.93001696963657,5
0.560905581554139,-13.0245952854599,2
5.97310776098605,2.0958440055405,1
0.387529080947602,-12.9815416584457,2
-12.2725987972415,0.392338429883605,7
0.313224500259126,-13.6523609409774,2
-12.5612569393313,-0.811957860990876,7
6.24470943792697,0.528179203466064,1
-14.7629972042239,-0.733007575079316,7
-0.691469335714614,-13.8832350025619,2
6.3584341464841,1.86555251975406,8
6.69832748754855,3.63772628207553,6
-14.0513349117434,-0.762020374342316,7
5.70898193701144,7.23422000308383,6
5.15796179159519,0.977207397416717,1
5.62266535147067,7.99129292865146,5
5.74362558706638,2.34298918147433,1
5.51577276571628,5.5530485858475,6
-13.4993157924807,-0.738584781690949,7
5.4865965305173,5.90610406298984,6
-12.6513944210208,1.48175821204532,4
5.57446951254245,2.09932777781833,1
-14.233227306763,-1.00215276579511,7
4.46911806448337,1.1516152371918,1
7.12342876776096,2.42677042384494,8
-12.2008081020511,0.0820237596784891,7
-12.4414468349612,2.08057091136325,4
5.98293394430515,4.68739173312534,6
-12.3154407085574,2.11876675982822,4
0.142022377093995,-13.4053497562851,2
5.73108238561984,5.64995953936923,6
-0.53885730520848,-13.7722997913803,2
3.82474464758273,2.22419974704135,3
6.06873602255222,8.04848096270907,5
7.24219841345187,1.9471451987778,8
5.09506506307956,1.88149425883639,3
5.62112755163547,4.45043609042514,6
-0.167326548854148,-13.9130792866195,2
5.82404846533176,4.6057247867142,6
6.39081282003757,0.525178049996978,1
-12.3096414150393,1.88438663382877,4
5.46245378836032,5.69227120776523,6
-12.6478934826053,-0.973623360201234,7
4.70804066046115,1.53961119552005,3
6.49685854299899,1.61441311736453,1
-12.5696521343387,0.545289908841735,4
4.59113258703586,1.29784080882419,3
3.96785921438571,2.38827440638888,3
-12.4198661388553,1.62155125041354,4
4.68785137518283,2.46849248309482,3
4.08710092886325,2.16953441996921,3
-12.9257455410159,-0.462409282728547,7
0.233470564922059,-13.9089451084579,2
5.91152424200412,1.97924182315219,1
0.427348500331605,-13.6589842091049,2
3.43268341406223,1.52933916945804,3
4.35792011602756,0.640582894281036,3
5.5595044551694,6.5306834926163,6
4.4371547160947,1.86616215606082,3
-12.6816907467044,-0.839219118162507,7
5.67108673437473,8.161972974733,5
-12.429118687073,2.03018257518161,4
4.84648317678806,1.46850285430301,3
-14.3419719280398,-1.10589542488705,7
5.67401832922336,5.39680001635898,6
0.305262631019319,-13.7446441898788,2
-13.8805795253909,-0.953253353639954,7
4.52003139837619,1.94191381831515,3
4.34689373358127,1.26014993090976,3
5.36405987127658,4.87563655276645,6
6.75622982366916,3.11519358058322,8
3.79686493261691,1.43526909251559,3
5.65467638357517,7.84095046420444,5
5.70629209860202,6.41866776843417,6
4.41380924566623,2.28765842814792,3
5.57272381170627,6.11072537799228,6
5.66768116339084,6.27434632678378,6
-12.8520894588626,1.26984867949832,4
-13.0680232586062,-0.939041520162934,7
4.00021213873264,1.84276816745151,3
5.7350906787717,2.42423221965182,8
3.09456390722629,1.50444230933536,3
-0.322763563851153,-13.9132185230697,2
5.93326372488376,4.7562923182999,6
6.28550381048557,2.17539975543368,8
4.70486492498752,3.22779080767978,5
4.24249405248996,1.92592856784213,3
-14.111265713135,-0.767162586256379,7
6.32283443792697,1.56759998698581,1
5.99859184606906,7.96905610461581,5
-12.9698300899661,-0.668535674616212,7
0.224944209893907,-13.2377949009384,2
-14.3562827648318,-0.819728816553467,7
5.80884785040256,5.02172276873935,6
6.67610687597629,1.00365624328006,1
0.0713837502801066,-14.0853309879745,2
5.83035702093478,2.12378713984836,8
0.562223499854768,-12.9907236347641,2
4.43259519918796,1.55509934325565,3
5.89045090063449,1.87119433780063,1
0.220748102506364,-13.6742029438461,2
3.58466309889194,2.11066148181308,3
-0.661834502378737,-13.8879347095932,2
5.05720371588107,2.05319282908786,3
5.92108196600314,7.38993451495517,5
-10.6795182766116,-1.3064245233978,9
4.10850853308078,2.30220768351901,3
5.22054190023776,1.63952777285922,1
5.62703031881686,6.64042184253085,6
-12.5202374996341,1.85665902991641,4
-13.82244735376,-1.23683347801816,7
-0.316507661501204,-14.0843887577499,2
-12.55291610376,-0.0783409799183546,7
-14.0858216823733,-1.09992888073575,7
-12.3390956463015,0.529884194329864,7
-14.5146213115847,-0.571906651064271,7
5.39778751715061,5.56744525332797,6
0.0943976698720103,-14.3278618107284,2
4.67965978964206,2.32357666392673,3
4.9559797702634,0.958696102098113,3
6.50119203909274,0.741846298173553,1
-13.0162673534549,-1.09118416409146,7
-12.2331090511477,0.336557691291458,7
5.61672682150241,6.01001307864535,6
-12.6826253475345,-0.20612744490754,7
6.41628927572604,1.82846007247317,1
-12.4424663128054,2.1082722892319,4
-12.7418485225833,1.35078439612735,4
6.01794666632053,4.53179643054355,6
6.63730615957614,1.92718932528842,1
7.40895456655856,2.51315281291354,8
0.100780969699586,-13.2699489841903,2
6.36291117056247,1.32204470534671,1
6.09005207403537,0.558167849973327,1
5.54614538534519,5.60901019473422,6
-0.0281806977188939,-13.9123459110702,2
5.6824931560361,1.85889730353702,3
6.40909761770603,0.642493998006469,1
3.65245670660373,1.94755432505954,3
6.33017725332614,1.98425743480075,1
-13.9927897991336,-0.766961957022065,7
3.06062669142124,1.43651614089358,3
3.19152373655673,1.47985169787753,3
-14.2195783199466,-0.849229777857178,7
5.00127024038669,1.36535212893832,1
7.07884258612033,2.07760355372775,8
0.107023751577104,-13.2219295750107,2
3.7631029544675,1.97904345889438,3
4.61627001150485,2.74416468043674,3
-12.5890250744021,-0.771382714315766,7
5.9944376407468,0.866143440202361,1
4.35493130071994,2.48958728213657,3
3.25310057981845,1.48645803828586,3
5.63404077871677,5.44016072650302,6
6.97822899206516,2.53757593531955,8
-12.5018115581668,1.87807593245853,4
-13.683271938721,-1.12642040352475,7
7.39326233251926,2.57822010417331,8
-14.8287921489871,-0.676169181867951,7
-12.8655620159304,-0.680858815714234,7
4.40026516302463,0.772162591413146,3
-12.4367585720218,1.90162525077212,4
0.492853706916535,-14.1693315754379,2
4.87534136160251,0.758604561284667,1
5.04997677191135,1.83072671790469,3
5.41019434316989,7.73553273578036,5
5.9083346782529,1.01145360370029,1
-14.1195798458255,-0.93458178143155,7
4.93183321340915,1.28739926715243,3
5.90893263204929,2.6498036136185,8
5.44067615850803,0.922084723905212,1
6.14727920873996,0.589161669210082,1
5.97070736273166,4.71250150103915,6
6.10324377401706,1.57761714358676,1
-0.104640701571738,-13.5842552433456,2
-12.3875766338504,2.12331697841037,4
-0.0410205067789907,-13.9181547413315,2
-13.0239253582156,1.256255721048,4
4.01840919836398,1.88682374854434,3
-0.224671143824493,-14.2760429630722,2
6.5306868015134,0.958712314561492,1
6.59101909979221,1.17618749041904,1
0.486537164291108,-13.476888681456,2
5.06182855947849,0.869903539613372,3
4.5735163150632,1.4596522798096,3
3.97883838995334,1.95881459613193,3
-13.7362018169558,-0.783327663942689,7
-10.6867528499759,-1.32909979920041,9
5.7940244136655,8.17471215625156,5
-12.9982877315677,1.20312354464877,4
4.30527014120456,2.36309263606418,3
4.91703218801853,1.92678651709903,3
6.09228128774997,8.00115487475741,5
5.61518711431857,1.27549860377658,1
4.91948360784885,1.0765043248688,3
-12.5709863247073,1.51412401099551,4
-0.106574931899344,-14.0975351582016,2
0.173784708818162,-13.3401680241073,2
0.3069301901662,-14.1483383427108,2
4.63870996816989,2.21098372836459,3
4.75580782278415,0.517147873834258,1
0.164303338369096,-13.2286815891708,2
0.480818039020265,-13.6733608494247,2
0.477279847701753,-13.3826160679306,2
-12.7485557140506,0.0970289607797922,7
-14.2244086803592,-0.911535109087342,7
-13.4364352764285,-1.14748754601132,7
0.0766449926697856,-13.5660171757187,2
-12.5133176387942,1.93447134394992,4
5.68495697363254,5.0061588038956,6
6.22909683569309,1.67180941005099,1
-13.5389562191165,-0.431287611528748,9
5.74206966741916,4.99421880145419,6
5.99523300512668,8.04018876452792,5
6.29827446325656,1.77749225993503,1
0.427496260246003,-13.2105751285995,2
3.64198274000522,1.59559605021823,3
-12.5012460292971,1.94840905566562,4
7.10553116186496,2.17995307345737,8
5.87142223699924,7.98961923022617,5
6.01646561010715,4.63427398105014,6
6.61135620458957,0.788477157548553,1
-14.2637563289798,-0.793638611837739,7
5.41317839010593,4.22573325534213,6
-12.2347589077151,0.56775627036441,7
3.33981866224643,1.55296084781039,3
-13.0925517620242,-0.523083205028886,7
7.41202825888034,2.52251694102634,8
6.67356294973728,1.55791327853549,1
5.63517422064182,6.02098224063266,6
-12.7721725048221,0.245729183152801,7
7.03790706976291,3.04479644198764,8
5.135699218353,1.32843527694095,1
-0.323340819934642,-14.1896171818222,2
5.9584850726926,4.7580628146683,6
0.304726904472077,-13.8109398136581,2
5.82767338140842,4.88237044711459,6
0.32181341036197,-13.772446657225,2
5.81035274847385,4.64833257098544,6
7.0180062709653,3.08374545474399,8
-12.4035211147464,-0.183313007160538,7
4.08131641729709,1.3370651950394,3
3.36353272779819,1.58693644900668,3
-0.264849228570496,-13.8962793598617,2
-14.0434794963992,-0.727456356092805,7
4.86274809225436,2.29466245074618,3
5.63954920156833,7.66849896808017,5
4.20807690008518,2.03504869838107,3
-13.5239358486331,0.804912840322143,7
6.37421841009494,2.37859198947299,1
6.15349764212009,0.632291590169555,1
5.62570709570285,0.533261631921417,1
5.98100036962863,7.66222093005527,5
-13.4093394817508,-0.282605538770074,7
5.49258322103854,1.12983450789798,1
5.50472492559787,2.05745026965488,3
-12.8626494945681,0.0687354629193605,7
5.77073473318454,7.98087403674472,5
5.75790590628024,7.00918481250156,6
-12.3952708782351,2.17922351260532,4
-0.15752088443402,-13.7187013874496,2
4.00025839193698,1.74478468795169,3
-10.6824355663455,-1.33471384148251,9
5.67506784780856,0.541420256093627,1
5.32466501577731,0.495975827172881,1
5.93666929586765,4.73928782840121,6
4.01193518026706,1.02852711577762,3
0.0611977337205058,-14.0363044987167,2
5.57657760961887,2.27660462756503,8
6.13389009817478,2.4945518722092,8
5.58629030569431,0.625353311494476,1
-12.3618512691653,2.16997787852634,4
6.29139274938937,1.73864993949283,1
5.73140329702731,6.21346280475009,6
-12.8421378673709,1.31472883124698,4
4.69140714987155,2.21381757159579,3
6.64153904302951,0.913764153913146,1
-12.4297824443972,1.23622426886905,4
5.71614069326755,5.95622584720004,6
0.229791408618653,-13.2307701359237,2
6.69330877645847,3.30508992572177,6
-0.211748285005128,-14.2302150974716,2
-14.5229058803714,-0.7359745154823,7
-12.8350606502688,-0.620573426290864,7
-14.6201568187869,-0.807586277529114,7
-12.6046567501223,1.4178882588898,4
-12.8814588131106,1.21715459723819,4
5.66386646612521,4.97206733126987,6
5.70061869009372,6.80669686694492,6
5.08388752325412,1.0141823043381,1
5.73775858267185,6.00620314975131,6
5.58230442388889,4.05282924075473,6
4.78990501745578,2.41958186526645,3
6.2029108463132,1.35763201613773,1
-13.0522971691287,-0.516421789928788,7
4.05998129232761,0.72140548129428,3
6.15571684225436,3.39604399104465,6
0.0340067504250651,-13.9547519932235,2
3.69518870695468,2.22996280093539,3
-13.6335797847903,-0.923628593489045,7
-8.47031551019314,1.96392652888644,10
1.01673848017093,-2.98990228275906,5
-12.493309551636,-0.686047280832642,7
-10.6563077510989,-1.35829558472287,9
4.79290146215793,0.997863983110076,3
5.95421356542941,8.10429475207675,5
6.50024313314792,1.84026799102176,1
7.36880249365207,2.43614337344516,8
6.28649420126315,1.26011297603,1
-13.2845998348391,-0.726687575384492,7
5.79470295294162,2.33939263720859,1
-12.2315383495486,1.08252260585178,7
3.75779623373386,1.98519656558383,3
5.861933177551,4.82980058093417,6
0.66313124283191,-13.3103389988388,2
-12.3068605007327,0.668913160756713,7
-14.4934754909671,-0.69760599236142,7
4.03367609365817,1.27610931296695,3
0.306826060851777,-13.1287012348617,2
5.71641535147067,8.00803182025302,5
4.55817407949802,2.71006104846347,3
0.351823156913484,-13.8385868320907,2
-12.2369504512942,0.587884282067901,7
6.94364733084079,2.62934992213596,8
0.115083879073823,-14.1136780033554,2
-10.6686311306155,-1.34681942562711,9
-12.3481317104495,-0.0818391951466738,7
0.214930093129838,-13.3061237583603,2
0.472423976501191,-14.1293163547958,2
3.78637832983371,1.89874014754642,3
5.30145735128757,4.64531419177402,6
5.33295864446994,0.903694366410858,1
-13.9247575344241,-0.822223688169831,7
-12.5302787365115,1.44160840411533,4
-12.2910991253054,-0.155335928007477,7
4.14387840612766,2.58485267062533,3
5.57765812261936,4.11291119952548,6
7.36316675527927,2.48687646289218,8
4.93787140234348,1.52713355918277,3
5.75646538122531,1.0924533357178,1
-12.5021987499392,-0.296825463577622,7
-13.2611833156741,1.08930728335727,4
7.38351578100559,2.54079172511447,8
5.92351049764987,2.2707056750809,8
5.51685804708835,1.22199234862674,1
3.65411419256564,1.64902136226047,3
-13.993423992554,-1.11447992424619,7
4.92749924047824,0.840121125177032,1
-11.0674605907596,-1.08494200806271,9
6.84264845236179,2.51785061259616,8
-0.576510363975798,-13.8602476368393,2
-13.9600406231082,-1.04820790390622,7
4.10825104101535,1.7191076030289,3
-13.1626840175784,-0.391069198652619,7
6.31343550070163,1.22486684222568,1
-13.7195277752078,-0.59817859034192,7
0.547066575130189,-12.938028360411,2
5.79901499136325,7.89488742251743,5
5.62628406866428,6.23123643298495,6
-13.6782546581424,-0.794594491526002,7
7.11448711737033,2.95122668643344,8
6.10221332891818,7.95642278094638,5
-12.9602151455081,0.117225815847999,7
6.80233139379855,0.752674733594543,1
-12.5993257106936,1.54963312049258,4
4.2585658489072,1.5308797111069,3
5.37250751837131,3.54870626826633,1
-13.0299802364505,1.28270885844577,4
5.38307041509982,1.92525896926273,3
-13.949647480408,-1.17225303749692,7
6.08442921026584,2.10681006808627,1
5.74504322393771,6.51781127353061,6
5.57857651098605,6.60847756762851,6
5.9219893871152,0.565553342298156,1
-12.2100863994754,0.248588358358032,7
5.14267439230319,1.32066259284366,1
3.57189101560947,2.09055397410739,3
3.80041927679416,1.08166060347903,3
-13.3389392437137,-0.694107020899171,7
5.62931055410739,7.8343624820267,5
-12.4073005260623,0.47758350272525,4
4.31571382864353,1.82067260642398,3
0.149490630468095,-13.2440090427841,2
3.57731599195834,1.79726514716495,3
5.64896387441989,7.96644685168613,5
-12.9282985271609,1.33393738170016,4
0.387417203029359,-14.0768451939071,2
-12.8541932644046,1.36149475474704,4
6.80965322836276,1.61298642058719,1
0.0479836223923808,-13.2457161198105,2
6.00263208731052,0.831187938645965,1
0.082284784158433,-13.9486675510849,2
-12.9786916317141,-0.914573217436188,7
-10.7067304195559,-1.33091666798245,9
6.64142221792575,2.06765196223605,8
5.78240579946872,5.73381802935947,6
-12.953345829407,-0.955851877733582,7
5.26232475622531,1.95391247172702,3
5.89023346289035,5.22095248599399,6
-12.8438096584475,1.32453582187045,4
6.73971647604343,1.01685736079562,1
-12.4061227382815,-0.655848945185059,7
-12.3675818981326,2.21395513911594,4
3.86235613211032,1.89795515437472,3
-13.5141864360965,-0.990626896425599,7
0.259517317851747,-14.0516271839584,2
6.47484535559055,0.847125743821746,1
-12.5470319332278,0.807630692914611,4
6.70194239004489,2.30604646106113,8
0.307431405624116,-14.1728067646469,2
0.458623534282411,-13.3192253361191,2
0.0912484286629802,-14.1116886387314,2
4.25330728872653,2.34780833621371,3
5.39452404363986,3.55492780108798,6
-0.0918747575676793,-13.6530475864853,2
6.06695312841769,8.17368314166415,5
0.15175760372516,-13.2910909901107,2
5.3059062419736,0.905262385800964,1
-13.1810317577517,-0.293243805571908,7
-10.788270527283,-1.25480797390591,9
-13.6048904003299,-1.137463236853,7
-12.3686452449954,0.58031228680957,4
6.31323475225803,1.70153329272617,1
5.65545029028293,4.94691941638339,6
0.608245616992677,-13.3946829090561,2
-14.1229081691897,-0.851156319185609,7
0.493344133933747,-14.1749582539047,2
4.29851288183566,2.31871936221469,3
0.648558324416841,-12.6166496525253,2
-12.3444848598636,-0.336734647556656,7
0.636686152061189,-12.6596079121078,2
0.233236884912217,-13.9156770954574,2
0.3514858542287,-13.7726669559921,2
6.22778219564792,1.47649309535373,1
